handle,title,price_before,price_after,compare_before,compare_after,sale_tag_before,sale_tag_after,label_before,label_after
revive-original-1-year-supply-360-sachets,Revive Original 1 Year Supply 360 Sachets,479.99,479.99,,720.00,no,yes,,While stocks last
revive-tropical-1-year-supply-360-sachets,Revive Tropical 1 Year Supply 360 Sachets,479.99,479.99,,720.00,no,yes,,While stocks last
revive-active-tropical-210-sachets-7-months-supply,Revive Active Tropical 210 Sachets 7 Months Supply,299.99,299.99,,419.65,no,yes,,Save over €150
revive-active-original-210-sachets-7-months-supply,Revive Active Original 210 Sachets 7 Months Supply,299.99,299.99,,420.00,no,yes,,Limited time only
revive-active-meno-active-6-month-supply,Revive Active Meno Active -6 Month Supply,274.95,274.95,,359.70,no,yes,,
revive-active-6-month-supply-180-sachets,Revive Active 6 Month Supply -180 Sachets,249.99,249.99,,359.99,no,yes,,Save over €100
revive-active-tropical-6-month-supply-180-sachets,Revive Active Tropical 6 Month Supply - 180 Sachets,249.99,249.99,,359.99,no,yes,,Save over €100
revive-active-joint-complex-6-month-supply,Revive Active Joint Complex - 6 Month Supply,239.95,239.95,,299.95,no,yes,,
revive-zest-active-6-month-supply,Revive Zest Active - 6 Month Supply,174.95,174.95,,209.70,no,yes,,
sculpted-by-aimee-oily-skin-morning-routine-bundle,Sculpted By Aimee Oily Skin Morning Routine Bundle,159.99,159.99,,200.00,no,yes,,Limited time only
revive-active-collagen-complex-3-month-supply-90-sachets,Revive Active Collagen Complex 3 Month Supply 90 Sachets,129.99,129.99,,179.99,no,yes,,Save €50
revive-active-joint-complex-3-month-supply,Revive Active Joint Complex - 3 Month Supply,129.95,129.95,,149.85,no,yes,,
revive-active-3-month-supply-90-sachets,Revive Active 3 Month Supply - 90 Sachets,127.99,127.99,,179.99,no,yes,,Limited time only
revive-tropical-3-month-supply-90-sachets,Revive Tropical 3 Month Supply - 90 Sachets,127.99,127.99,,179.99,no,yes,,Save over €50
revive-active-meno-active-3-month-supply,Revive Active Meno Active -3 Month Supply,127.99,127.99,,179.99,no,yes,,
sculpted-by-aimee-oily-skin-nighttime-routine-bundle,Sculpted By Aimee Oily Skin Nighttime Routine Bundle,109.99,109.99,,139.99,no,yes,,Limited time only
voduz-healthy-hair-bundle,Voduz Healthy Hair Bundle,84.99,84.99,,109.99,no,yes,,While stocks last
voduz-r-oil-and-hairdryer-bundle,Voduz R'oil And Hairdryer Bundle,84.99,84.99,,115.99,yes,yes,,While stocks last
revive-active-zest-3-month-supply-90-sachets,Revive Active Zest- 3 Month Supply-90 Sachets,84.95,84.95,,104.85,no,yes,,
alflorex-precision-biotics-3-month-supply,Alflorex Precision Biotics-3 Month Supply,74.95,74.95,,104.85,no,yes,,
bperfect-flawless-base-bundle,Bperfect Flawless Base Bundle,59.99,59.99,,75.99,no,yes,,Limited time only
regaine-men-foam-5-3pk,Regaine Men Foam 5% 3Pk,58.95,58.95,,85.99,no,yes,,
water-wipes-24-pack,Water Wipes- 24 Pack,56.95,56.95,,72.95,no,yes,,
biabelle-instant-bundle-with-blur-brush-ultra-dark,Biabelle Instant Bundle With Blur Brush- Ultra Dark,51.85,51.85,,60.85,no,yes,,
biabelle-instant-bundle-with-blur-brush-medium,Biabelle Instant Bundle With Blur Brush- Medium,49.95,49.95,,58.85,no,yes,,
biabelle-instant-bundle-with-blur-brush-dark,Biabelle Instant Bundle With Blur Brush- Dark,49.95,49.95,,58.85,no,yes,,
uriage-hyseac-oily-skin-bundle,Uriage Hyseac Oily Skin Bundle,49.95,49.95,,62.00,no,yes,,
voduz-ultimate-shine-bundle,Voduz Ultimate Shine Bundle,44.99,44.99,,62.99,no,yes,,While stocks last
biabelle-bronze-obsession-bundle-medium,Biabelle Bronze Obsession Bundle- Medium,44.85,44.85,,50.85,no,yes,,
biabelle-tan-bundle-instant-ultra-dark,Biabelle Tan Bundle & Instant - Ultra Dark,41.95,41.95,,48.85,no,yes,,
all-stars-collection,All Stars Collection,39.99,39.99,,69.99,no,yes,,While stocks last
biabelle-tan-bundle-with-instant-dark,Biabelle Tan Bundle With Instant- Dark,39.95,39.95,,46.85,no,yes,,
svr-densitium-rich-cream-mature-skin-dry-to-very-dry-50ml,Svr Densitium Rich Cream Mature Skin Dry To Very Dry 50Ml,37.80,37.80,,54.00,no,yes,,While stocks last
svr-biotic-c20-regenerating-radiance-cream-50ml,Svr Biotic C20 Regenerating Radiance Cream 50Ml,35.70,35.70,,51.00,no,yes,,While stocks last
voduz-smooth-sleek-bundle,Voduz Smooth & Sleek Bundle,34.99,34.99,,50.99,no,yes,,While stocks last
waterwipes-12pk-and-biomiracle-hand-wipes-20pk-x-12-bundle,Waterwipes 12Pk And Biomiracle Hand Wipes 20Pk X 12 Bundle,34.99,34.99,,64.99,no,yes,,Limited time offer
yankee-candle-ss24-and-sharpie-giftset,Yankee Candle Ss24 And Sharpie Giftset,29.99,29.99,,39.99,no,yes,,While stocks last
water-wipes-60-wipes-12-pack,Water Wipes 60 Wipes - 12 Pack,29.95,29.95,,46.95,no,yes,,
azio-beauty-intense-lifting-eye-serum,Azio Beauty Intense Lifting Eye Serum,27.20,27.20,,34.00,no,yes,,20% off Azio Beauty
azio-beauty-lift-factor-neck-chest-cream,Azio Beauty Lift Factor Neck & Chest Cream,27.20,27.20,,34.00,no,yes,,20% off Azio Beauty
biabelle-tan-bundle-ultra-dark,Biabelle Tan Bundle-Ultra Dark,26.95,26.95,,31.90,no,yes,,
wild-refill-mix,Wild Refill Mix,25.99,25.99,,30.99,no,yes,,
svr-densitium-eye-contour-global-correction-15ml,Svr Densitium Eye Contour Global Correction 15Ml,25.90,25.90,,37.00,no,yes,,While stocks last
biabelle-tan-bundle-dark,Biabelle Tan Bundle-Dark,25.50,25.50,,29.90,no,yes,,
biabelle-tan-bundle-medium,Biabelle Tan Bundle-Medium,25.50,25.50,,29.92,no,yes,,
foot-soak-bundle,Foot Soak Bundle,30.00,24.99,,30.00,no,yes,,While stocks last
wild-cotton-starter-pack-with-refill-mix-6,Wild Cotton Starter Pack With Refill Mix 6,23.95,23.95,,28.49,no,yes,,
wild-cotton-starter-pack-with-refill-mix-5,Wild Cotton Starter Pack With Refill Mix 5,23.95,23.95,,28.49,no,yes,,
wild-cotton-starter-pack-with-refill-mix-4,Wild Cotton Starter Pack With Refill Mix 4,23.95,23.95,,28.49,no,yes,,
wild-coconut-starter-pack-with-refill-mix-6,Wild Coconut Starter Pack With Refill Mix 6,23.95,23.95,,28.49,no,yes,,
wild-coconut-starter-pack-with-refill-mix-5,Wild Coconut Starter Pack With Refill Mix 5,23.95,23.95,,28.49,no,yes,,
wild-jasmine-starter-pack-with-refill-mix-6,Wild Jasmine Starter Pack With Refill Mix 6,23.95,23.95,,28.49,no,yes,,
wild-jasmine-starter-pack-with-refill-mix-5,Wild Jasmine Starter Pack With Refill Mix 5,23.95,23.95,,28.49,no,yes,,
wild-jasmine-starter-pack-with-refill-mix-4,Wild Jasmine Starter Pack With Refill Mix 4,23.95,23.95,,28.49,no,yes,,
wild-cotton-starter-pack-with-refill-mix-3,Wild Cotton Starter Pack With Refill Mix 3,23.95,23.95,,28.49,no,yes,,
wild-cotton-starter-pack-with-refill-mix-2,Wild Cotton Starter Pack With Refill Mix 2,23.95,23.95,,28.49,no,yes,,
wild-cotton-starter-pack-with-refill-mix-1,Wild Cotton Starter Pack With Refill Mix 1,23.95,23.95,,28.49,no,yes,,
wild-coconut-starter-pack-with-refill-mix-4,Wild Coconut Starter Pack With Refill Mix 4,23.95,23.95,,28.49,no,yes,,
wild-coconut-starter-pack-with-refill-mix-3,Wild Coconut Starter Pack With Refill Mix 3,23.95,23.95,,28.49,no,yes,,
wild-coconut-starter-pack-with-refill-mix-2,Wild Coconut Starter Pack With Refill Mix 2,23.95,23.95,,28.49,no,yes,,
wild-jasmine-starter-pack-with-refill-mix-1,Wild Jasmine Starter Pack With Refill Mix 1,23.95,23.95,,28.49,no,yes,,
wild-jasmine-starter-pack-with-refill-mix-3,Wild Jasmine Starter Pack With Refill Mix 3,23.95,23.95,,28.49,no,yes,,
wild-jasmine-starter-pack-with-refill-mix-2,Wild Jasmine Starter Pack With Refill Mix 2,23.95,23.95,,28.49,no,yes,,
wild-coconut-starter-pack-with-refill-mix-1,Wild Coconut Starter Pack With Refill Mix 1,23.95,23.95,,28.49,no,yes,,
azio-beauty-intense-firming-face-serum,Azio Beauty Intense Firming Face Serum,22.40,22.40,,28.00,no,yes,,20% off Azio Beauty
azio-beauty-rejuvenating-night-cream,Azio Beauty Rejuvenating Night Cream,22.40,22.40,,28.00,no,yes,,20% off Azio Beauty
azio-beauty-intense-lifting-day-cream,Azio Beauty Intense Lifting Day Cream,22.40,22.40,,28.00,no,yes,,20% off Azio Beauty
svr-eye-lip-filler-biotic-15ml,Svr Eye & Lip Filler Biotic 15Ml,21.70,21.70,,31.00,no,yes,,While stocks last
chroma-cover-luminous-foundation-w1,Chroma Cover Luminous Foundation - W1,19.95,19.95,,24.95,no,yes,,€5 off while stocks last
chroma-cover-luminous-foundation-n3,Chroma Cover Luminous Foundation - N3,19.95,19.95,,24.95,no,yes,,€5 off while stocks last
bperfect-chroma-cover-luminous-foundation-w5,Bperfect Chroma Cover Luminous Foundation - W5,19.95,19.95,,24.95,no,yes,,€5 off while stocks last
glow-hub-skin-drink-hydrating-set,Glow Hub Skin Drink Hydrating Set,17.99,17.99,,27.00,no,yes,,Limited time only
chroma-cover-matte-foundation-n4,Chroma Cover Matte Foundation - N4,17.95,17.95,,22.95,no,yes,,€5 off while stocks last
chroma-cover-matte-foundation-w8,Chroma Cover Matte Foundation - W8,17.95,17.95,,22.95,no,yes,,€5 off while stocks last
bperfect-chroma-cover-matte-foundation-w2,BPerfect Chroma Cover Matte Foundation - W2,22.95,17.95,,22.95,no,yes,,€5 off while stocks last
bperfect-chroma-cover-matte-foundation-w9,Bperfect Chroma Cover Matte Foundation - W9,22.95,17.95,,22.95,no,yes,,€5 off while stocks last
bperfect-chroma-cover-matte-foundation-n5,BPerfect Chroma Cover Matte Foundation - N5,22.95,17.95,,22.95,no,yes,,€5 off while stocks last
bperfect-chroma-cover-matte-foundation-w1,Bperfect Chroma Cover Matte Foundation - W1,22.95,17.95,,22.95,no,yes,,€5 off while stocks last
bperfect-chroma-cover-matte-foundation-c1,Bperfect Chroma Cover Matte Foundation - C1,22.95,17.95,,22.95,no,yes,,€5 off while stocks last
azio-beauty-pollution-defense-cleanser,Azio Beauty Pollution Defense Cleanser,17.60,17.60,,22.00,no,yes,,20% off Azio Beauty
azio-beuty-refining-micro-exfoliator,Azio Beuty Refining Micro Exfoliator,17.60,17.60,,22.00,no,yes,,20% off Azio Beauty
svr-sensifine-ar-eau-micellaire-400ml,Svr Sensifine Ar Eau Micellaire 400Ml,13.30,13.30,,19.00,no,yes,,While stocks last
svr-hydraliane-creme-riche-50ml,Svr Hydraliane Creme Riche 50Ml,13.30,13.30,,19.00,no,yes,,While stocks last
svr-sensifine-hydra-creme-40ml,Svr Sensifine Hydra-Creme 40Ml,13.30,13.30,,19.00,no,yes,,While stocks last
svr-physiopure-eau-micellaire-refill-400ml,Svr Physiopure Eau Micellaire Refill 400Ml,11.90,11.90,,17.00,no,yes,,While stocks last
paddington-paint-your-own-bug-hotel,Paddington - Paint Your Own Bug Hotel,9.99,9.99,,16.99,no,yes,,While stocks last
nivea-men-clean-shave-kit,Nivea Men Clean Shave Kit,8.99,8.99,,13.99,no,yes,,
swisss-o-par-brow-dye-brown,Swisss O.Par Brow Dye Brown,6.99,6.99,,12.99,no,yes,,
water-wipes-baby-wipes,Water Wipes Baby Wipes,2.50,2.50,,3.99,no,yes,,
revive-active-original-30pk,Revive Active Original 30Pk,59.99,59.99,,,no,no,,"Buy one, get one half price"
revive-active-meno-active,Revive Active Meno Active,59.99,59.99,,,no,no,,"Buy one, get one half price"
revive-active-joint-complex-30pk,Revive Active Joint Complex 30Pk,49.99,49.99,,,no,no,,"Buy one, get one half price"
revive-active-zest-active-ages-20-35-30pk,Revive Active Zest Active Ages 20-35 30Pk,36.99,36.99,,,no,no,,2 for €52.45
bperfect-tan-studio-tanning-mousse-ultra-dark-200ml,Bperfect Tan Studio Tanning Mousse Ultra Dark 200ml,23.95,23.95,,,no,no,,Free tanning mitt with every Tan Studio item
bperfect-tan-studio-self-tanning-body-butter-dark-200ml,Bperfect Tan Studio Self Tanning Body Butter Dark 200ml,22.95,22.95,,,no,no,,Free tanning mitt with every Tan Studio item
bperfect-tan-studio-tanning-liquid-dark-175ml,Bperfect Tan Studio Tanning Liquid Dark 175ml,21.95,21.95,,,no,no,,Free tanning mitt with every Tan Studio item
bperfect-tan-studio-self-tanning-oil-medium-150ml,Bperfect Tan Studio Self Tanning Oil Medium 150ml,21.95,21.95,,,no,no,,Free tanning mitt with every Tan Studio item
bperfect-tan-studio-tanning-facial-mist-light-medium-150ml,Bperfect Tan Studio Tanning Facial Mist Light-Medium 150ml,18.95,18.95,,,no,no,,Free tanning mitt with every Tan Studio item
bperfect-tan-studio-instant-aerosol-tan-ultra-dark-125ml,Bperfect Tan Studio Instant Aerosol Tan Ultra Dark 125ml,16.95,16.95,,,no,no,,Free tanning mitt with every Tan Studio item
bperfect-tan-studio-instant-aerosol-tan-medium-125ml,Bperfect Tan Studio Instant Aerosol Tan Medium 125ml,16.95,16.95,,,no,no,,Free tanning mitt with every Tan Studio item
bperfect-tan-studio-instant-aerosol-tan-dark-125ml,Bperfect Tan Studio Instant Aerosol Tan Dark 125ml,16.95,16.95,,,no,no,,Free tanning mitt with every Tan Studio item
batiste-dry-shampoo-tropical-200ml,Batiste Dry Shampoo Tropical 200Ml,4.89,4.89,,,no,no,,Buy 2 for €7
batiste-200ml-blush-dry-shampoo,Batiste 200Ml Blush Dry Shampoo,4.89,4.89,,,no,no,,Buy 2 for €7
dove-advanced-care-pampering-shea-butter-vanilla-body-wash-225ml,Dove Advanced Care Pampering Shea Butter & Vanilla Body Wash 225Ml,3.99,3.99,,,no,no,,3 for €10
tresemme-lamellar-shine-shampoo-300ml,Tresemme Lamellar Shine Shampoo 300Ml,3.99,3.99,,,no,no,,3 for €10
dove-advanced-care-deeply-nourishing-body-wash-225ml,Dove Advanced Care Deeply Nourishing Body Wash 225Ml,3.99,3.99,,,no,no,,3 for €10
dove-advanced-care-nourishing-silk-body-wash-225ml,Dove Advanced Care Nourishing Silk Body Wash 225Ml,3.99,3.99,,,no,no,,3 for €10
bayliss-harding-wild-lavender-geranium-luxury-hand-wash-500ml,Bayliss & Harding Wild Lavender & Geranium Luxury Hand Wash 500Ml,3.99,3.99,,,no,no,,3 for €10
dove-advanced-care-reviving-pomegranate-hibiscus-body-wash-225ml,Dove Advanced Care Reviving Pomegranate & Hibiscus Body Wash 225Ml,3.99,3.99,,,no,no,,3 for €10
carex-the-original-dermacare-eco-refill-500ml-hand-wash,Carex The Original Dermacare Eco Refill 500Ml Hand Wash,3.99,3.99,,,no,no,,3 for €10
mitchum-roll-on-shwr-frsh-100ml,Mitchum Roll-On Shwr Frsh 100Ml,3.80,3.80,,,no,no,,"Buy one, get one half price"
johnson-s-soft-pamper-body-wash-400ml,Johnson's Soft & Pamper Body Wash 400Ml,1.99,1.99,,,no,no,,3 for €5
biomiracle-staysafe-hand-cleansing-towlettes-20pk,Biomiracle Staysafe Hand Cleansing Towlettes 20Pk,1.50,1.50,,,no,no,,Buy 4 for €3
electric-picnic-bundle,Electric Picnic Bundle,19.99,19.99,,,yes,no,,
