title,handle,product_type,published_online_store,already_pharmacist_review,already_no_welcome_discount,reason_excluded,question_for_pharmacist
Arnicare Arnica Cream 30G,arnicare-arnica-cream-30g,Pharmacy > Pain Relief,yes,no,no,named by the client (tagging contradicts itself within the brand),should this be tagged pharmacist-review?
Bloateze Tablets 20Pk Phoenix,bloateze-tablets-20pk-phoenix,Pharmacy > Stomach & Digestion,yes,no,no,ingested active,should this be tagged pharmacist-review?
Burnshield Hydrogel 50Ml,burnshield-hydrogel-50ml,Pharmacy > Medicated Skincare,yes,no,no,treats a named condition; medicinal status unclear,should this be tagged pharmacist-review?
Celtic Wind Cbd Oil 5% 10Ml,celtic-wind-cbd-oil-5-10ml,Pharmacy > Pain Relief,yes,no,no,ingested active,should this be tagged pharmacist-review?
Cerumol Ear Drops,cerumol-ear-drops,Pharmacy > Eye & Ear Care,yes,no,no,instilled into the ear,should this be tagged pharmacist-review?
Cerumol Olive Oil Ear Drops 10Ml,cerumol-olive-oil-ear-drops-10ml,Pharmacy > Eye & Ear Care,yes,no,no,instilled into the ear,should this be tagged pharmacist-review?
Cl-Ear Ear Relief Drops,cl-ear-ear-relief-drops,Pharmacy > Eye & Ear Care,yes,no,no,instilled into the ear,should this be tagged pharmacist-review?
Cl-Ear Express Dual Action Ear Drops,cl-ear-express-dual-action-ear-drops,Pharmacy > Eye & Ear Care,yes,no,no,instilled into the ear,should this be tagged pharmacist-review?
Cl-Ear Olive Oil Ear Drops,cl-ear-olive-oil-ear-drops,Pharmacy > Eye & Ear Care,yes,no,no,instilled into the ear,should this be tagged pharmacist-review?
Cydonia Soothing Arnica Ultra Gel 100Ml,cydonia-soothing-arnica-ultra-gel-100ml,Pharmacy > Pain Relief,yes,no,no,treats a named condition; medicinal status unclear,should this be tagged pharmacist-review?
Full Marks Solution 100Ml,full-marks-solution-100ml,Pharmacy > Sensitive Conditions,yes,no,no,head-lice insecticide,should this be tagged pharmacist-review?
Full Marks Solution 200Ml,full-marks-solution-200ml,Pharmacy > Sensitive Conditions,yes,no,no,head-lice insecticide,should this be tagged pharmacist-review?
Fusion Allergy Eye Drops,fusion-allergy-eye-drops,Pharmacy > Allergy Relief,yes,no,no,instilled into the eye,should this be tagged pharmacist-review?
Fusion Allergy Eye Spray 10Ml,fusion-allergy-eye-spray-10ml,Pharmacy > Allergy Relief,yes,no,no,instilled into the eye,should this be tagged pharmacist-review?
Fusion Allergy Lozenges 24,fusion-allergy-lozenges-24,Pharmacy > Allergy Relief,yes,no,no,nasal or oral spray with an active,should this be tagged pharmacist-review?
Fusion Allergy Nasal Spray 20Ml,fusion-allergy-nasal-spray-20ml,Pharmacy > Allergy Relief,yes,no,no,nasal or oral spray with an active,should this be tagged pharmacist-review?
Gelorevoice Blackcurrant,gelorevoice-blackcurrant,Pharmacy > Cold & Flu,yes,no,no,nasal or oral spray with an active,should this be tagged pharmacist-review?
Gelorevoice Cherry,gelorevoice-cherry,Pharmacy > Cold & Flu,yes,no,no,nasal or oral spray with an active,should this be tagged pharmacist-review?
Hylo Care 0.1%/2% Eye Drops 7.5Ml,hylo-care-0-1-2-eye-drops-7-5ml,Pharmacy > Eye & Ear Care,yes,no,no,instilled into the eye,should this be tagged pharmacist-review?
Hylo Dual Pres Free Eye Drops 7.5Ml 0.05%,hylo-dual-pres-free-eye-drops-7-5ml-0-05,Pharmacy > Eye & Ear Care,yes,no,no,instilled into the eye,should this be tagged pharmacist-review?
Hylo Night Ointment,hylo-night-ointment,Pharmacy > Eye & Ear Care,yes,no,no,instilled into the eye,should this be tagged pharmacist-review?
Hylo Tear 0.1% Eye Drops 7.5Ml,hylo-tear-0-1-eye-drops-7-5ml,Pharmacy > Eye & Ear Care,yes,no,no,instilled into the eye,should this be tagged pharmacist-review?
Hylo-Forte Lubricating Eye Drops 7.5Ml,hylo-forte-lubricating-eye-drops-7-5ml,Pharmacy > Eye & Ear Care,yes,no,no,instilled into the eye,should this be tagged pharmacist-review?
Kidsner Anti Allergic Spray,kidsner-anti-allergic-spray,Pharmacy > Children's Medicine,yes,no,no,filed under Children's Medicine,should this be tagged pharmacist-review?
Kidsner Cooling Foam For Chickenpox 100Ml,kidsner-cooling-foam-for-chickenpox-100ml,Pharmacy > Children's Medicine,yes,no,no,filed under Children's Medicine,should this be tagged pharmacist-review?
Nelsons Arnicare 50G Cream,nelsons-arnicare-50g-cream,Pharmacy > First Aid,yes,yes,no,named by the client (tagging contradicts itself within the brand),should this be tagged pharmacist-review?
Nelsons Arnicare Cooling Gel 30G,nelsons-arnicare-cooling-gel-30g,Pharmacy > First Aid,yes,yes,no,named by the client (tagging contradicts itself within the brand),should this be tagged pharmacist-review?
Nubit,nubit,Pharmacy > Pain Relief,yes,no,no,"unidentified product, name suggests a medicine",should this be tagged pharmacist-review?
Optase Allergy Eye Drop 0.5Mlsdu,optase-allergy-eye-drop-0-5mlsdu,Pharmacy > Eye & Ear Care,yes,no,no,instilled into the eye,should this be tagged pharmacist-review?
Papilocare Vaginal Gel,papilocare-vaginal-gel,Pharmacy,yes,no,no,treats a named condition; medicinal status unclear,should this be tagged pharmacist-review?
Preparation H Gel 25G,preparation-h-gel-25g,Pharmacy > Stomach & Digestion,yes,no,no,named by the client (tagging contradicts itself within the brand),should this be tagged pharmacist-review?
Preparation H Gel 50G,preparation-h-gel-50g,Pharmacy > Sensitive Conditions,yes,no,no,named by the client (tagging contradicts itself within the brand),should this be tagged pharmacist-review?
Preparation H Ointment 25G,preparation-h-ointment-25g,Pharmacy > Sensitive Conditions,yes,no,no,named by the client (tagging contradicts itself within the brand),should this be tagged pharmacist-review?
Sorefix Rescue Cold Sore Cream,sorefix-rescue-cold-sore-cream,Pharmacy > Cold & Flu,yes,no,no,treats a named condition; medicinal status unclear,should this be tagged pharmacist-review?
Sreeze Nasal Spray 10Ml,sreeze-nasal-spray-10ml,Pharmacy > Allergy Relief,yes,no,no,nasal or oral spray with an active,should this be tagged pharmacist-review?
Sreeze Oral Strips 14Pk,sreeze-oral-strips-14pk,Pharmacy > Sensitive Conditions,yes,no,no,nasal or oral spray with an active,should this be tagged pharmacist-review?
Tears Naturale 15Ml Eye Drops,tears-naturale-15ml-eye-drops,Pharmacy > Eye & Ear Care,yes,no,no,instilled into the eye,should this be tagged pharmacist-review?
Thealoz Duo Gel 0.4G 30Pk,thealoz-duo-gel-0-4g-30pk,Pharmacy > Eye & Ear Care,yes,no,no,instilled into the eye,should this be tagged pharmacist-review?
Tramma Gel,tramma-gel,Pharmacy > Pain Relief,yes,no,no,"unidentified product, name suggests a medicine",should this be tagged pharmacist-review?
Ultrapure Hydrogen Peroxide130ml,ultrapure-hydrogen-peroxide130ml,Pharmacy > Medicated Skincare,yes,no,no,treats a named condition; medicinal status unclear,should this be tagged pharmacist-review?
Uniflu Cough Stop,uniflu-cough-stop,Pharmacy > Cold & Flu,yes,no,no,named by the client (tagging contradicts itself within the brand),should this be tagged pharmacist-review?
Uniflu Immune Defence,uniflu-immune-defence,Supplements > Immune Support,yes,no,no,named by the client (tagging contradicts itself within the brand),should this be tagged pharmacist-review?
Uniflu With Vitamin C Tablets 24Pk,uniflu-with-vitamin-c-tablets-24pk,Pharmacy > Cold & Flu,no,yes,no,named by the client (tagging contradicts itself within the brand),should this be tagged pharmacist-review?
Vamousse Head Lice Treatment Mousse,vamousse-head-lice-treatment-mousse,Pharmacy > Children's Medicine,yes,no,no,filed under Children's Medicine,should this be tagged pharmacist-review?
Virasoothe Gel,virasoothe-gel,Pharmacy > Children's Medicine,yes,no,no,filed under Children's Medicine,should this be tagged pharmacist-review?
Wartner Wart & Verruca Cryo Freeze Pen,wartner-wart-verruca-cryo-freeze-pen,Pharmacy,yes,no,no,treats a named condition; medicinal status unclear,should this be tagged pharmacist-review?
