Status,Product,Handle,Type before,Type after,Tags added,Note
applied,Bperfect Annalivia Cosmetic Bag,bperfect-annalivia-cosmetic-bag,Brands > BPerfect,Beauty > Brushes & Accessories,,
applied,Bperfect Annalivia Dream Duo Bronze & Blush Face Palette,bperfect-annalivia-dream-duo-bronze-blush-face-palette,Brands > BPerfect,Beauty > Face,,
applied,Bperfect Annalivia Lip Library Hydrating Lip Oil,bperfect-annalivia-lip-library-hydrating-lip-oil,Brands > BPerfect,Beauty > Lips,,
applied,Bperfect Annalivia Mini Empress Base Brush,bperfect-annalivia-mini-empress-base-brush,Brands > BPerfect,Beauty > Brushes & Accessories,,
applied,Bperfect Katie Daley Perfect Powder Candyfloss,bperfect-katie-daley-perfect-powder-candyfloss,Brands > BPerfect,Beauty > Face,,
applied,Bperfect Katie Daley Perfect Powder Honeycomb,bperfect-katie-daley-perfect-powder-honeycomb,Brands > BPerfect,Beauty > Face,,
applied,Bperfect Katie Daley Perfect Powder Vanilla,bperfect-katie-daley-perfect-powder-vanilla,Brands > BPerfect,Beauty > Face,,
applied,Bperfect Mrs Glam Honey Glazed Lip Oil,bperfect-mrs-glam-honey-glazed-lip-oil,Brands > BPerfect,Beauty > Lips,,
applied,Bperfect Mrs Glam Ice Ice Baby Lip Oil,bperfect-mrs-glam-ice-ice-baby-lip-oil,Brands > BPerfect,Beauty > Lips,,
applied,Bperfect Mrs Glam Raspberry Zest Lip Oil,bperfect-mrs-glam-raspberry-zest-lip-oil,Brands > BPerfect,Beauty > Lips,,
applied,Bperfect Mrs Glam Snatch Stick Cool Moon 02 Light Tan,bperfect-mrs-glam-snatch-stick-cool-moon-02-light-tan,Brands > BPerfect,Beauty > Face,,
applied,Bperfect Mrs Glam Snatch Stick Golden Hour 04 Warm Tan,bperfect-mrs-glam-snatch-stick-golden-hour-04-warm-tan,Brands > BPerfect,Beauty > Face,,
applied,Bperfect Mrs Glam Snatch Stick Golden Moon 01 Light Peach,bperfect-mrs-glam-snatch-stick-golden-moon-01-light-peach,Brands > BPerfect,Beauty > Face,,
applied,Bperfect Mrs Glam Snatch Stick Sun Drenched 05 Neutral Tan,bperfect-mrs-glam-snatch-stick-sun-drenched-05-neutral-tan,Brands > BPerfect,Beauty > Face,,
applied,Bperfect Mrs Glam Snatch Stick Sunset 03 Medium Tan,bperfect-mrs-glam-snatch-stick-sunset-03-medium-tan,Brands > BPerfect,Beauty > Face,,
applied,Bperfect Mrs Glam Snatch Stick Tantalizing 06 Deep Tan,bperfect-mrs-glam-snatch-stick-tantalizing-06-deep-tan,Brands > BPerfect,Beauty > Face,,
applied,Bperfect Mrs Glam Sunset Glow Disco Diva Cream Blush,bperfect-mrs-glam-sunset-glow-disco-diva-cream-blush,Brands > BPerfect,Beauty > Face,,
applied,Bperfect Mrs Glam Sunset Glow Gold Leaf Cream Bronze,bperfect-mrs-glam-sunset-glow-gold-leaf-cream-bronze,Brands > BPerfect,Beauty > Face,,
applied,Bperfect Mrs Glam Sunset Glow Mystic Moonlight Cream Highlight,bperfect-mrs-glam-sunset-glow-mystic-moonlight-cream-highlight,Brands > BPerfect,Beauty > Face,,
applied,Bperfect Mrs Glam Sunset Glow Peach Melba Cream Blush,bperfect-mrs-glam-sunset-glow-peach-melba-cream-blush,Brands > BPerfect,Beauty > Face,,
applied,Bperfect Mrs Glam Sunset Glow Rosemantic Cream Blush,bperfect-mrs-glam-sunset-glow-rosemantic-cream-blush,Brands > BPerfect,Beauty > Face,,
applied,Bperfect Mrs Glam Sunset Glow Showstopper Cream Highlight,bperfect-mrs-glam-sunset-glow-showstopper-cream-highlight,Brands > BPerfect,Beauty > Face,,
applied,Revive Active Collagen Complex 3 Month Supply 90 Sachets,revive-active-collagen-complex-3-month-supply-90-sachets,Brands > Revive Active,Supplements > Energy & Vitality,,"Collagen: could also be tagged Skin, Hair & Nails"
applied,Revive Active Collagen Complex 30Pk,revive-active-collagen-complex-30pk,Brands > Revive Active,Supplements > Energy & Vitality,,"Collagen: could also be tagged Skin, Hair & Nails"
applied,Revive Active Original 210 Sachets 7 Months Supply,revive-active-original-210-sachets-7-months-supply,Brands > Revive Active,Supplements > Energy & Vitality,,
applied,Revive Tropical 3 Month Supply - 90 Sachets,revive-tropical-3-month-supply-90-sachets,Brands > Revive Active,Supplements > Energy & Vitality,,
applied,SCULPTED LIQUID LIGHTS WARM,sculpted-liquid-lights-warm,Brands,Beauty > Face,,
applied,Sculpted By Aimee Shape & Set Brow Pencil & Fixing Gel (Deep Brown),sculpted-by-aimee-shape-set-brow-pencil-fixing-gel-deep-brown,Brands > Sculpted By Aimee,Beauty > Eyes,,
applied,Sculpted By Aimee Shape & Set Brow Pencil & Fixing Gel (Medium Brown),sculpted-by-aimee-shape-set-brow-pencil-fixing-gel-medium-brown,Brands > Sculpted By Aimee,Beauty > Eyes,,
applied,Sculpted By Aimee Shape & Set Brow Pencil & Fixing Gel (Soft Brown),sculpted-by-aimee-shape-set-brow-pencil-fixing-gel-soft-brown,Brands > Sculpted By Aimee,Beauty > Eyes,,
applied,Sculpted Easybrow Clear,sculpted-easybrow-clear,Brands > Sculpted By Aimee,Beauty > Eyes,,
applied,Sculpted Easybrow Medium Brown,sculpted-easybrow-medium-brown,Brands > Sculpted By Aimee,Beauty > Eyes,,
applied,Sculpted Lashlift Rich Brown,sculpted-lashlift-rich-brown,Brands > Sculpted By Aimee,Beauty > Eyes,,
applied,Scuplted Easybrow Deep Brown,scuplted-easybrow-deep-brown,Brands > Sculpted By Aimee,Beauty > Eyes,,
applied,Scuplted Lashlift Ultra Black,scuplted-lashlift-ultra-black,Brands > Sculpted By Aimee,Beauty > Eyes,,
applied,"Voduz Set, Spray, Slay Styling Bundle",voduz-set-spray-slay-styling-bundle,Brands > Voduz,Toiletries > Hair Care,,
applied,Armani Si Ladies 30Ml Edp,armani-si-ladies-30ml-edp,(none),Gifts > Women's Fragrance,,
applied,Childs Farm Nappy Cream 100Ml,childs-farm-nappy-cream-100ml,(none),Baby > Baby Wipes & Changing,,
applied,Ck Eternity Ladies 100Ml Edp,ck-eternity-ladies-100ml-edp,(none),Gifts > Women's Fragrance,,
applied,Ck Euphoria Ladies 50Ml Edp,ck-euphoria-ladies-50ml-edp,(none),Gifts > Women's Fragrance,,
applied,Dettol Liquid 500Ml,dettol-liquid-500ml,(none),Pharmacy > First Aid,,
applied,Dr Teals Pure Epsom Salt Post Workout,dr-teals-pure-epsom-salt-post-workout,(none),Toiletries > Bath & Shower,,
applied,Duracell Hearing Aid Da13 Orange,duracell-hearing-aid-da13-orange,(none),Pharmacy > Eye & Ear Care,,
applied,Invictus 2 Piece 100Ml Giftset,invictus-2-piece-100ml-giftset,(none),Gifts > Men's Fragrance,,
applied,Mam Fun To Drink Cup Night 8+ Months Girl,mam-fun-to-drink-cup-night-8-months-girl,(none),Baby > Soothers & Accessories,,
applied,Mam Fun To Drink Cup Night 8+Months Blue,mam-fun-to-drink-cup-night-8-months-blue,(none),Baby > Soothers & Accessories,,
applied,Mam Start Pure Soothers 0-2 Months Assorted,mam-start-pure-soothers-0-2-months-assorted,(none),Baby > Soothers & Accessories,,
applied,Marc Jacobs Daisy 100Ml Edt,marc-jacobs-daisy-100ml-edt,(none),Gifts > Women's Fragrance,,
applied,Ov Surgical Spirits 100Ml,ov-surgical-spirits-100ml,(none),Pharmacy > First Aid,,
applied,Paco Rabanne Lady Million 80Ml Edp,paco-rabanne-lady-million-80ml-edp,(none),Gifts > Women's Fragrance,,
applied,Red Door 100Ml Edt,red-door-100ml-edt,(none),Gifts > Women's Fragrance,,
applied,Spotlight Oral Care Fresh Breath Whitening Mouthwash,spotlight-oral-care-fresh-breath-whitening-mouthwash,(none),Toiletries > Dental,,
applied,Spotlight Ultra Whitening Professional Toothpaste,spotlight-ultra-whitening-professional-toothpaste,(none),Toiletries > Dental,,
applied,Ultrapure Surgical Spirits 200Ml,ultrapure-surgical-spirits-200ml,(none),Pharmacy > First Aid,,
applied,Unisex Festival Essentials Bundle,unisex-festival-essentials-bundle,(none),Sale > Bundles,,
applied,Uriage Extra Rich Dermatological Gel 500Ml,uriage-extra-rich-dermatological-gel-500ml,(none),Toiletries > Bath & Shower,,
applied,Bayliss & Harding Jasmine & Apple Blossom Luxury Hand Wash 500Ml,bayliss-harding-jasmine-apple-blossom-luxury-hand-wash-500ml,Clearance > 3 for €10,Toiletries > Bath & Shower,,"If still on offer, tag sale so it stays on Sale"
applied,"Bayliss & Harding Peony, Lychee & Vanilla Luxury Hand Wash 500Ml",bayliss-harding-peony-lychee-vanilla-luxury-hand-wash-500ml,Clearance > 3 for €10,Toiletries > Bath & Shower,,"If still on offer, tag sale so it stays on Sale"
applied,"Bayliss & Harding Vetiver, Cedar & Lemongrass Luxury Hand Wash 500Ml",bayliss-harding-vetiver-cedar-lemongrass-luxury-hand-wash-500ml,Clearance > 3 for €10,Toiletries > Bath & Shower,,"If still on offer, tag sale so it stays on Sale"
applied,Bayliss & Harding Wild Lavender & Geranium Luxury Hand Wash 500Ml,bayliss-harding-wild-lavender-geranium-luxury-hand-wash-500ml,Clearance > 3 for €10,Toiletries > Bath & Shower,,"If still on offer, tag sale so it stays on Sale"
applied,Carex The Original Dermacare Eco Refill 500Ml Hand Wash,carex-the-original-dermacare-eco-refill-500ml-hand-wash,Clearance > 3 for €10,Toiletries > Bath & Shower,,"If still on offer, tag sale so it stays on Sale"
applied,Dove Advanced Care Deeply Nourishing Body Wash 225Ml,dove-advanced-care-deeply-nourishing-body-wash-225ml,Clearance > 3 for €10,Toiletries > Bath & Shower,,"If still on offer, tag sale so it stays on Sale"
applied,Dove Advanced Care Gentle Scrub Body Wash 225Ml,dove-advanced-care-gentle-scrub-body-wash-225ml,Clearance > 3 for €10,Toiletries > Bath & Shower,,"If still on offer, tag sale so it stays on Sale"
applied,Dove Advanced Care Nourishing Silk Body Wash 225Ml,dove-advanced-care-nourishing-silk-body-wash-225ml,Clearance > 3 for €10,Toiletries > Bath & Shower,,"If still on offer, tag sale so it stays on Sale"
applied,Dove Advanced Care Pampering Shea Butter & Vanilla Body Wash 225Ml,dove-advanced-care-pampering-shea-butter-vanilla-body-wash-225ml,Clearance > 3 for €10,Toiletries > Bath & Shower,,"If still on offer, tag sale so it stays on Sale"
applied,Dove Advanced Care Reviving Pomegranate & Hibiscus Body Wash 225Ml,dove-advanced-care-reviving-pomegranate-hibiscus-body-wash-225ml,Clearance > 3 for €10,Toiletries > Bath & Shower,,"If still on offer, tag sale so it stays on Sale"
applied,Johnson's Soft & Energise Body Wash 400Ml,johnson-s-soft-energise-body-wash-400ml,Clearance > 3 FOR €5,Toiletries > Bath & Shower,,"If still on offer, tag sale so it stays on Sale"
applied,Johnson's Soft & Nourish Body Wash 400Ml,johnson-s-soft-nourish-body-wash-400ml,Clearance > 3 FOR €5,Toiletries > Bath & Shower,,"If still on offer, tag sale so it stays on Sale"
applied,Johnson's Soft & Pamper Body Wash 400Ml,johnson-s-soft-pamper-body-wash-400ml,Clearance > 3 FOR €5,Toiletries > Bath & Shower,,"If still on offer, tag sale so it stays on Sale"
applied,Palmolive Naturals Milk & Honey Hand Wash 300Ml,palmolive-naturals-milk-honey-hand-wash-300ml,Clearance > 3 FOR €5,Toiletries > Bath & Shower,,"If still on offer, tag sale so it stays on Sale"
applied,Tresemme Lamellar Shine Shampoo 300Ml,tresemme-lamellar-shine-shampoo-300ml,Clearance > 3 for €10,Toiletries > Hair Care,,"If still on offer, tag sale so it stays on Sale"
applied,Dr Squatch Coastal Mist Deodorant 75G,dr-squatch-coastal-mist-deodorant-75g,Men's Grooming,Toiletries > Deodorant,,
applied,Dr Squatch Coastal Mist Soap Bar 141G,dr-squatch-coastal-mist-soap-bar-141g,Men's Skincare,Toiletries > Men's Grooming,,
applied,Dr Squatch Rainforest Rapids Deodorant 75G,dr-squatch-rainforest-rapids-deodorant-75g,Men's Grooming,Toiletries > Deodorant,,
applied,Dr Squatch Rainforest Rapids Soap Bar 141G,dr-squatch-rainforest-rapids-soap-bar-141g,Men's Skincare,Toiletries > Men's Grooming,,
applied,Dr Squatch Wood Barrel Bourbon Deodorant 75G,dr-squatch-wood-barrel-bourbon-deodorant-75g,Men's Grooming,Toiletries > Deodorant,,
applied,Dr Squatch Wood Barrel Bourbon Soap Bar 141G,dr-squatch-wood-barrel-bourbon-soap-bar-141g,Men's Skincare,Toiletries > Men's Grooming,,
applied,Fathers Day Bundle,fathers-day-bundle,Gift Recipient > Gifts for Him,Gifts > Gifts for Him,,
applied,Harry's Exfoliating Facial Cleanser 150Ml,harrys-exfoliating-facial-cleanser-150ml,Men's Skincare,Skincare > Face,,
applied,Harry's Foaming Shave Gel 200Ml,harrys-foaming-shave-gel-200ml,Men's Grooming,Toiletries > Men's Grooming,,
applied,Harry's Plus Razor And 5 Blades Starter Set,harrys-plus-razor-and-5-blades-starter-set,Men's Grooming,Toiletries > Men's Grooming,,
applied,Harry's Post Shave Balm With Aloe Vera 100Ml,harrys-post-shave-balm-with-aloe-vera-100ml,Men's Grooming,Toiletries > Men's Grooming,,
applied,Harry's Razor And 10 Blades Indigo Set,harrys-razor-and-10-blades-indigo-set,Men's Grooming,Toiletries > Men's Grooming,,
applied,Harry's Razor And 5 Blades Starter Pack,harrys-razor-and-5-blades-starter-pack,Men's Grooming,Toiletries > Men's Grooming,,
applied,Harry's Shave Cream With Aloe Vera 100Ml,harrys-shave-cream-with-aloe-vera-100ml,Men's Grooming,Toiletries > Men's Grooming,,
applied,Lashes2love Bio Natural Lash Booster Mascara,lashes2love-bio-natural-lash-booster-mascara,Brows & Lashes,Beauty > Eyes,,
applied,Lerelle Beauty Brows2love Brow Growth Serum,lerelle-beauty-brows2love-brow-growth-serum,Brows & Lashes,Beauty > Eyes,,
applied,Lerelle Beauty Lashes2love Biopeptides Lash Growth Serum,lerelle-beauty-lashes2love-biopeptides-lash-growth-serum,Brows & Lashes,Beauty > Eyes,,
applied,Lerelle Beauty Lashes2love Lash Growth Serum,lerelle-beauty-lashes2love-lash-growth-serum,Brows & Lashes,Beauty > Eyes,,
applied,Luna By Lisa Highlighter - Candy Beam,luna-by-lisa-highlighter-candy-beam,Luna Face Collection,Beauty > Face,,
applied,Luna By Lisa Highlighter - Star Beam,luna-by-lisa-highlighter-star-beam,Luna Face Collection,Beauty > Face,,
applied,Luna By Lisa Highlighter - Sun Beam,luna-by-lisa-highlighter-sun-beam,Luna Face Collection,Beauty > Face,,
applied,Luna By Lisa Hydrate Conditioner,luna-by-lisa-hydrate-conditioner,Luna Haircare,Toiletries > Hair Care,,
applied,Luna By Lisa Hydrate Masque,luna-by-lisa-hydrate-masque,Luna Haircare,Toiletries > Hair Care,,
applied,Luna By Lisa Hydrate Shampoo,luna-by-lisa-hydrate-shampoo,Luna Haircare,Toiletries > Hair Care,,
applied,Luna By Lisa Repair Conditioner,luna-by-lisa-repair-conditioner,Luna Haircare,Toiletries > Hair Care,,
applied,Luna By Lisa Repair Leave-In Treatment,luna-by-lisa-repair-leave-in-treatment,Luna Haircare,Toiletries > Hair Care,,
applied,Luna By Lisa Repair Shampoo,luna-by-lisa-repair-shampoo,Luna Haircare,Toiletries > Hair Care,,
applied,Luna By Lisa Setting Spray - Glow,luna-by-lisa-setting-spray-glow,Luna Face Collection,Beauty > Face,,
applied,Luna By Lisa Setting Spray - Matte,luna-by-lisa-setting-spray-matte,Luna Face Collection,Beauty > Face,,
applied,Luna By Lisa Setting Spray - Vitamin,luna-by-lisa-setting-spray-vitamin,Luna Face Collection,Beauty > Face,,
applied,Luna By Lisa Volume Conditioner,luna-by-lisa-volume-conditioner,Luna Haircare,Toiletries > Hair Care,,
applied,Luna By Lisa Volume Foam,luna-by-lisa-volume-foam,Luna Haircare,Toiletries > Hair Care,,
applied,Luna By Lisa Volume Shampoo,luna-by-lisa-volume-shampoo,Luna Haircare,Toiletries > Hair Care,,
applied,Luna By Lisa Weekly Detox Shampoo 300Ml,luna-by-lisa-weekly-detox-shampoo-300ml,Luna Haircare,Toiletries > Hair Care,,
applied,The Original Bug Band Co Insect Repellent Bracelet 12Pk,the-original-bug-band-co-insect-repellent-bracelet-12pk,Travel Essentials,Pharmacy > First Aid,,Also tag Insect Bites & Prevention
applied,Voduz Buff It Exfoliating Scalp Brush,voduz-buff-it-exfoliating-scalp-brush,Voduz hair care,Toiletries > Hair Care,,
applied,Voduz Hold Tight Creaseless Clips,voduz-hold-tight-creaseless-clips,Voduz hair care,Toiletries > Hair Care,,
applied,Voduz Hold Tight Styling Clips,voduz-hold-tight-styling-clips,Voduz hair care,Toiletries > Hair Care,,
applied,Voduz Illuminating Conditioner 300Ml,voduz-illuminating-conditioner-300ml,Voduz hair care,Toiletries > Hair Care,,
applied,Voduz On Point Tail Comb,voduz-on-point-tail-comb,Voduz hair care,Toiletries > Hair Care,,
applied,Voduz Spectrum 3 In 1 Waver,voduz-spectrum-3-in-1-waver,Voduz hair care,Toiletries > Hair Care,,
applied,Voduz Unbreaka'bobble - Pastel,voduz-unbreaka-bobble-pastel,Voduz hair care,Toiletries > Hair Care,,
applied,Voduz Velvet Crown 200Ml,voduz-velvet-crown-200ml,Voduz hair care,Toiletries > Hair Care,,
applied,Kin Caspiselen Anti Dandruff Shampoo,kin-caspiselen-anti-dandruff-shampoo,Kin,Toiletries > Hair Care,,
applied,Medicare Sterile Saline Solution Wound & Eyewash Wash Spray,medicare-sterile-saline-solution-wound-eyewash-wash-spray,Medicare,Pharmacy > First Aid,,
applied,Medicare Wart & Verruca Removal Pen,medicare-wart-verruca-removal-pen,Medicare,Pharmacy > Foot & Nail Care,,
applied,Revive Active Tropical Flavour 30 Sachets,revive-active-tropical-flavour-30-sachets,Revive Active,Supplements > Energy & Vitality,,
applied,Revive Original 1 Year Supply 360 Sachets,revive-original-1-year-supply-360-sachets,Revive Active,Supplements > Energy & Vitality,,
applied,Sculpted By Aimee Easyglide Precision Liquid Liner ( Ultra Black),sculpted-by-aimee-easyglide-precision-liquid-liner-ultra-black,Sculpted By Aimee,Beauty > Eyes,,
applied,Sculpted Duocleanse Cleanse & Clarify,sculpted-duocleanse-cleanse-clarify,Sculpted By Aimee,Skincare > Face,,
applied,Scuplted Duocleanse Cleanse & Brighten,scuplted-duocleanse-cleanse-brighten,Sculpted By Aimee,Skincare > Face,,
applied,Scuplted Duocleanse Cleanse & Exfoliate,scuplted-duocleanse-cleanse-exfoliate,Sculpted By Aimee,Skincare > Face,,
applied,Uniflu Cough Stop,uniflu-cough-stop,Uniflu,Pharmacy > Cold & Flu,,
applied,Uniflu Immune Defence,uniflu-immune-defence,Uniflu,Supplements > Immune Support,,
applied,Uriage Age Absolute Redensifying Masque 50Ml,uriage-age-absolute-redensifying-masque-50ml,Uriage,Skincare > Face,,
applied,Uriage Age Absolute Redensifying Rosy Cream 50Ml,uriage-age-absolute-redensifying-rosy-cream-50ml,Uriage,Skincare > Face,,
applied,Uriage Age Lift Protective Smoothing Day Cream Spf30 40Ml,uriage-age-lift-protective-smoothing-day-cream-spf30-40ml,Uriage,Skincare > Face,,
applied,Voduz Blow Out Infrared Hair Dryer Black,voduz-blow-out-infrared-hair-dryer-black,Voduz,Toiletries > Hair Care,,
applied,Wild Cherry Blossom Refill 40G,wild-cherry-blossom-refill-40g,WILD,Toiletries > Deodorant,,
applied,Wild Cherry Blossom Refillable Natural Deodorant,wild-cherry-blossom-refillable-natural-deodorant,WILD,Toiletries > Deodorant,,
applied,Wild Lemon Basil & Blood Orange Refillable Natural Deodorant,wild-lemon-basil-blood-orange-refillable-natural-deodorant,WILD,Toiletries > Deodorant,,
applied,Yankee Candle Ss24 And Sharpie Giftset,yankee-candle-ss24-and-sharpie-giftset,YANKEE CANDLE,Gifts > Candles & Diffusers,,
applied,Swisss O.Par Brow Dye Brown,swisss-o-par-brow-dye-brown,Christmas Shop,Beauty > Eyes,,
applied,Active Iron Advance 30Pk,active-iron-advance-30pk,Energy & Vitality,Supplements > Energy & Vitality,,
applied,Aveeno Dermexa Soothing Moisturising Cream 200Ml,aveeno-dermexa-soothing-moisturising-cream-200ml,Body Care,Skincare > Body Care,,
applied,Bperfect Chroma Cover Luminous Foundation - W5,bperfect-chroma-cover-luminous-foundation-w5,Face,Beauty > Face,,
applied,Calpol 6+ Fastmelts 12Pk,calpol-6-fastmelts-12pk,Children's Medicine,Pharmacy > Pain Relief,,Children's Medicine has no page of its own; also tag Baby & Children Pain Relief
applied,Calpol Infant Sf 140Ml Spoon Syringe S/Berry Susp,calpol-infant-sf-140ml-spoon-syringe-s-berry-susp,Children's Medicine,Pharmacy > Pain Relief,,Children's Medicine has no page of its own; also tag Baby & Children Pain Relief
applied,Centrum Men 50+,centrum-men-50,Men's Wellbeing,Supplements > Men's Wellbeing,,
applied,Cetaphil Cleanser 236Ml,cetaphil-cleanser-236ml,Cleanse,Skincare > Face,,
applied,Cetaphil Moist Lotion 236Ml,cetaphil-moist-lotion-236ml,Body Care,Skincare > Body Care,,
applied,Deep Heat Spray 72.5Ml,deep-heat-spray-72-5ml,Pain Relief,Pharmacy > Pain Relief,,
applied,Dove Lotion 200Ml Summer Revive Fair/Medium,dove-lotion-200ml-summer-revive-fair-medium,Body Care,Beauty > Tanning,,Gradual tan lotion
applied,E45 Cream 125G,e45-cream-125g,Body Care,Skincare > Body Care,,
applied,Lippy Aperol Spritz Pearly Shine Natural Lip Balm,lippy-aperol-spritz-pearly-shine-natural-lip-balm,Lips,Beauty > Lips,,
applied,Lippy Mojito Natural Lip Balm,lippy-mojito-natural-lip-balm,Lips,Beauty > Lips,,
applied,Lippy Pina Colada Natural Lip Balm,lippy-pina-colada-natural-lip-balm,Lips,Beauty > Lips,,
applied,Lippy Prosecco Pearly Shine Natural Lip Balm,lippy-prosecco-pearly-shine-natural-lip-balm,Lips,Beauty > Lips,,
applied,Lippy Tequila Sunrise Natural Lip Balm,lippy-tequila-sunrise-natural-lip-balm,Lips,Beauty > Lips,,
applied,Listerine 250Ml Freshburst,listerine-250ml-freshburst,Dental,Toiletries > Dental,,
applied,Moxi Powder Pod Cleanser,moxi-powder-pod-cleanser,Cleanse,Skincare > Face,,
applied,Mx Health Iron Ferritin Deficiency Rapid Home Test 1Pk,mx-health-iron-ferritin-deficiency-rapid-home-test-1pk,Medical Devices,Pharmacy > Medical Devices,Self Testing Kits,Lands on the department only; tag Self Testing Kits / Pregnancy Tests / Ovulation Tests for the sub-page
applied,Mx Health Multi-Drug 7 In 1 Panel Rapid Home Test 1Pk,mx-health-multi-drug-7-in-1-panel-rapid-home-test-1pk,Medical Devices,Pharmacy > Medical Devices,Self Testing Kits,Lands on the department only; tag Self Testing Kits / Pregnancy Tests / Ovulation Tests for the sub-page
applied,Mx Health Ovulation Rapid Home Test Kit 7Pk,mx-health-ovulation-rapid-home-test-kit-7pk,Medical Devices,Pharmacy > Medical Devices,Self Testing Kits; Ovulation Tests; Trying To Conceive,Lands on the department only; tag Self Testing Kits / Pregnancy Tests / Ovulation Tests for the sub-page
applied,Mx Health Pregnancy Early Detection Rapid Home Test 2Pk,mx-health-pregnancy-early-detection-rapid-home-test-2pk,Medical Devices,Pharmacy > Medical Devices,Self Testing Kits; Pregnancy Tests; Trying To Conceive,Lands on the department only; tag Self Testing Kits / Pregnancy Tests / Ovulation Tests for the sub-page
applied,Mx Health Uti Rapid Home Test 3Pk,mx-health-uti-rapid-home-test-3pk,Medical Devices,Pharmacy > Medical Devices,Self Testing Kits,Lands on the department only; tag Self Testing Kits / Pregnancy Tests / Ovulation Tests for the sub-page
applied,Mx Health Vitamin D Deficiency Rapid Home Test 1Pk,mx-health-vitamin-d-deficiency-rapid-home-test-1pk,Medical Devices,Pharmacy > Medical Devices,Self Testing Kits,Lands on the department only; tag Self Testing Kits / Pregnancy Tests / Ovulation Tests for the sub-page
applied,Novomins Kids Night-Time Gummies 30Pk,novomins-kids-night-time-gummies-30pk,Children's Supplements,Supplements > Children's Supplements,,
applied,Novomins Magnesium Gummies 60Pk,novomins-magnesium-gummies-60pk,Sleep & Stress,Supplements > Sleep & Stress,,Lands on Vitamins only; no Sleep & Stress page
applied,Ov Emulsifying Oint 500G,ov-emulsifying-oint-500g,Body Care,Skincare > Body Care,,
applied,Ov Silcocks Base 500G,ov-silcocks-base-500g,Body Care,Skincare > Body Care,,
applied,Pestle & Mortar Essentials The Face Cream,pestle-mortar-essentials-the-face-cream,Face,Skincare > Face,,
applied,Sculpted Hydralip - Blush,sculpted-hydralip-blush,Lips,Beauty > Lips,,
applied,Sensi-Kin Gel 15Ml Hypersensitivity,sensi-kin-gel-15ml-hypersensitivity,Dental,Toiletries > Dental,,
applied,Seven Seas Jointcare Supplex & Turmeric (30 Pk),seven-seas-jointcare-supplex-turmeric-30-pk,"Muscle, Joint & Bone","Supplements > Muscle, Joint & Bone",,
applied,Sidena 50Mg Tablets 4 Pack,sidena-50mg-tablets-4-pack,Sexual Health,Pharmacy > Sexual Health,,Pharmacy-only (sildenafil); stays gated
applied,Solar Buddies Sunscreen Applicator Green,solar-buddies-sunscreen-applicator-green,Sun Care & SPF,Skincare > Sun Care & SPF,,
applied,Solar Buddies Sunscreen Applicator Pink,solar-buddies-sunscreen-applicator-pink,Sun Care & SPF,Skincare > Sun Care & SPF,,
applied,Solgar 7 Joint Support 30 Caps,solgar-7-joint-support-30-caps,"Muscle, Joint & Bone","Supplements > Muscle, Joint & Bone",,
applied,Sona Multiplus Junior Chewable Tabs (30 Pk),sona-multiplus-junior-chewable-tabs-30-pk,Children's Supplements,Supplements > Children's Supplements,,
applied,Symprove 4 Week Supply Strawberry & Raspberry,symprove-4-week-supply-strawberry-raspberry,Probiotics & Gut Health,Supplements > Probiotics & Gut,,
applied,Trilogy Rosehip Transformation Cleansing Oil,trilogy-rosehip-transformation-cleansing-oil,Cleanse,Skincare > Face,,
applied,Uriage Hyseac 3 Regul Global Tinted Skin Care Spf50+ 40Ml,uriage-hyseac-3-regul-global-tinted-skin-care-spf50-40ml,Face,Skincare > Face,,
applied,Vivio Junior Multi Vit Tonic 250Ml,vivio-junior-multi-vit-tonic-250ml,Children's Supplements,Supplements > Children's Supplements,,
held: decide,Castor Oil 100M;,castor-oil-100m,(none),(pharmacy to decide),,"No page fits: pharmacy to say where it belongs, or leave it for search"
held: check,Discreet Nasal Sring Aid Large,discreet-nasal-sring-aid-large,(none),Pharmacy > Cold & Flu,,Nasal dilator for snoring or breathing; no closer page
held: check,J&J Cotton Buds 100Pk,j-j-cotton-buds-100pk,(none),Toiletries > Bath & Shower,,No cotton-wool page; alternative Baby > Baby Wipes & Changing
held: check,J&J Cotton Buds 200Pk,j-j-cotton-buds-200pk,(none),Toiletries > Bath & Shower,,No cotton-wool page; alternative Baby > Baby Wipes & Changing
held: decide,Purified Water 5L,purified-water-5l,(none),(pharmacy to decide),,"No page fits: pharmacy to say where it belongs, or leave it for search"
held: decide,Sula Sugar Free Sweets 42G Fruit Mix,sula-sugar-free-sweets-42g-fruit-mix,(none),(pharmacy to decide),,"No page fits: pharmacy to say where it belongs, or leave it for search"
held: decide,Sula Sugar Free Sweets 42G Strawberry & Cream,sula-sugar-free-sweets-42g-strawberry-cream,(none),(pharmacy to decide),,"No page fits: pharmacy to say where it belongs, or leave it for search"
held: decide,Ultra Pure Citric Acid 50G,ultra-pure-citric-acid-50g,(none),(pharmacy to decide),,"No page fits: pharmacy to say where it belongs, or leave it for search"
held: check,Ultra Pure Glucose Powder,ultra-pure-glucose-powder,(none),Supplements > Energy & Vitality,,
held: check,Ultrapure Liquid Paraffin 500Ml,ultrapure-liquid-paraffin-500ml,(none),Pharmacy > Stomach & Digestion,,Assumes oral laxative use
held: check,Africa Washbag,africa-washbag,Sale > Christmas Shop,Gifts > Christmas Shop,,Seasonal: a Christmas page in September
held: check,Cleanse Duo,cleanse-duo,Sale > Christmas Shop,Gifts > Christmas Shop,,Seasonal: a Christmas page in September
held: check,Cleanse Washbag,cleanse-washbag,Sale > Christmas Shop,Gifts > Christmas Shop,,Seasonal: a Christmas page in September
held: check,Jungle Fresh Duo,jungle-fresh-duo,Sale > Christmas Shop,Gifts > Christmas Shop,,Seasonal: a Christmas page in September
held: check,Nourish Duo,nourish-duo,Sale > Christmas Shop,Gifts > Christmas Shop,,Seasonal: a Christmas page in September
held: check,Pestle & Mortar The Heroes Collection Double Cleanse,pestle-mortar-the-heroes-collection-double-cleanse,Christmas Shop,Gifts > Christmas Shop,,Seasonal: a Christmas page in September
held: decide,Treat Yo Self Funky Fizz 100G Grab N Go Pouch,treat-yo-self-funky-fizz-100g-grab-n-go-pouch,New,(pharmacy to decide),,"No page fits: pharmacy to say where it belongs, or leave it for search"
held: decide,Treat Yo Self Funky Fizz Mega 800G Pouch,treat-yo-self-funky-fizz-mega-800g-pouch,New,(pharmacy to decide),,"No page fits: pharmacy to say where it belongs, or leave it for search"
held: decide,Treat Yo Self Zero Fizz 100G Grab N Go Pouch,treat-yo-self-zero-fizz-100g-grab-n-go-pouch,New,(pharmacy to decide),,"No page fits: pharmacy to say where it belongs, or leave it for search"
held: decide,Treat Yo Self Zero Fizz Mega 800G Pouch,treat-yo-self-zero-fizz-mega-800g-pouch,New,(pharmacy to decide),,"No page fits: pharmacy to say where it belongs, or leave it for search"
