product_id,handle,title,status,publications,tags
15671377068363,anusol-cream-23g,Anusol Cream 23G,ACTIVE,Online Store|Point of Sale,Anusol|pharmacist-review|Pharmacy > Medicated Skincare
15671271817547,anusol-hc-suppositories-12pk,Anusol Hc Suppositories 12Pk,ACTIVE,Online Store|Point of Sale,Anusol|pharmacist-review|Pharmacy > Pain Relief
15671366746443,anusol-soothing-wipes-30pk,Anusol Soothing Wipes 30Pk,ACTIVE,Online Store|Point of Sale,Anusol|pharmacist-review|Pharmacy > Stomach & Digestion
15671384932683,anusol-supp-12pk,Anusol Supp 12Pk,ACTIVE,Online Store|Point of Sale,Anusol|pharmacist-review|Pharmacy > Sensitive Conditions
15671427989835,anusol-suppositories-24pk,Anusol Suppositories 24Pk,ACTIVE,Online Store|Point of Sale,Anusol|pharmacist-review|Pharmacy > Sensitive Conditions
15671351673163,cialis-for-men-tadalafil-tablets-4pk,Cialis For Men Tadalafil Tablets 4Pk,ACTIVE,Point of Sale,pharmacist-review|Pharmacy > Sexual Health
15671320674635,cialis-for-men-tadalafil-tablets-8pk,Cialis For Men Tadalafil Tablets 8Pk,ACTIVE,Point of Sale,pharmacist-review|Pharmacy > Sexual Health
15671277650251,curanail-5-nail-lacquer-2-5ml,Curanail 5% Nail Lacquer 2.5Ml,ACTIVE,Online Store|Point of Sale,Curanail|pharmacist-review|Pharmacy > Foot & Nail Care
16024785944907,sidena-50mg-tablets-4-pack,Sidena 50Mg Tablets 4 Pack,ACTIVE,,pharmacist-review|Pharmacy|Sexual Health
15671348363595,viagra-connect-50mg-tablets-4-pack,Viagra Connect 50Mg Tablets 4 Pack,ACTIVE,Point of Sale,pharmacist-review|Pharmacy > Sexual Health|Viagra Connect
15671307895115,viagra-connect-50mg-tablets-8-pack,Viagra Connect 50Mg Tablets 8 Pack,ACTIVE,Point of Sale,pharmacist-review|Pharmacy > Sexual Health|Viagra Connect
