group,collection,brand,name,old_price,sale_price,promo_label,badge,out_of_stock,product_code,old_url,match,store_title,store_handle,store_status,store_price,store_compare,store_sale_tag,store_qty,store_policy,differences
1-simple-was-now,sale,Revive Active,Revive Original 1 Year Supply 360 Sachets,720.00,479.99,WHILE STOCKS LAST!,Sale,no,REV1YS,https://www.mccormackspharmacy.ie/p/revive-original-1-year-supply-360-sachets/rev1ys,barcode,Revive Original 1 Year Supply 360 Sachets,revive-original-1-year-supply-360-sachets,ACTIVE,479.99,,no,1,CONTINUE,no compare-at on ours; no Sale tag
1-simple-was-now,sale,Revive Active,Revive Tropical 1 Year Supply 360 Sachets,720.00,479.99,WHILE STOCKS LAST!,Further Reduced,no,Revivetropbundle2,https://www.mccormackspharmacy.ie/p/revive-tropical-1-year-supply-360-sachets-/revivetropbundle2,barcode,Revive Tropical 1 Year Supply 360 Sachets,revive-tropical-1-year-supply-360-sachets,ACTIVE,479.99,,no,1,CONTINUE,no compare-at on ours; no Sale tag
1-simple-was-now,sale,Revive Active,Tropical 210 Sachets 7 Months Supply,419.65,299.99,SAVING OVER €150,Further Reduced,no,4789625416554,https://www.mccormackspharmacy.ie/p/revive-active-tropical-210-sachets-7-months-supply/4789625416554,barcode,Revive Active Tropical 210 Sachets 7 Months Supply,revive-active-tropical-210-sachets-7-months-supply,ACTIVE,299.99,,no,1,CONTINUE,no compare-at on ours; no Sale tag
1-simple-was-now,sale,Revive Active,Original 210 Sachets 7 Months Supply,420.00,299.99,LIMITED TIME ONLY,Sale,no,REV7MN259,https://www.mccormackspharmacy.ie/p/revive-active-original-210-sachets-7-months-supply/rev7mn259,barcode,Revive Active Original 210 Sachets 7 Months Supply,revive-active-original-210-sachets-7-months-supply,ACTIVE,299.99,,no,1,CONTINUE,no compare-at on ours; no Sale tag
1-simple-was-now,sale,Revive Active,Meno Active -6 Month Supply,359.70,274.95,,Sale,no,menoactive6,https://www.mccormackspharmacy.ie/p/revive-active-meno-active--6-month-supply/menoactive6,barcode,Revive Active Meno Active -6 Month Supply,revive-active-meno-active-6-month-supply,ACTIVE,274.95,,no,1,CONTINUE,no compare-at on ours; no Sale tag
1-simple-was-now,sale,Revive Active,6 Month Supply -180 Sachets,359.99,249.99,SAVE OVER €100,Sale,no,5391517512177,https://www.mccormackspharmacy.ie/p/revive-active-6-month-supply--180-sachets/5391517512177,barcode,Revive Active 6 Month Supply -180 Sachets,revive-active-6-month-supply-180-sachets,ACTIVE,249.99,,no,1,CONTINUE,no compare-at on ours; no Sale tag
1-simple-was-now,sale,Revive Active,Tropical 6 Month Supply - 180 Sachets,359.99,249.99,SAVE OVER €100,Further Reduced,no,revivetropbundle1,https://www.mccormackspharmacy.ie/p/revive-active-tropical-6-month-supply---180-sachets-/revivetropbundle1,barcode,Revive Active Tropical 6 Month Supply - 180 Sachets,revive-active-tropical-6-month-supply-180-sachets,ACTIVE,249.99,,no,1,CONTINUE,no compare-at on ours; no Sale tag
1-simple-was-now,sale,Revive Active,Joint Complex - 6 Month Supply,299.95,239.95,,Sale,no,Jointcomplex6,https://www.mccormackspharmacy.ie/p/revive-active-joint-complex---6-month-supply/jointcomplex6,barcode,Revive Active Joint Complex - 6 Month Supply,revive-active-joint-complex-6-month-supply,ACTIVE,239.95,,no,1,CONTINUE,no compare-at on ours; no Sale tag
1-simple-was-now,sale,Revive Active,Revive Zest Active - 6 Month Supply,209.70,174.95,,Sale,no,zestactive6,https://www.mccormackspharmacy.ie/p/revive-zest-active---6-month-supply/zestactive6,barcode,Revive Zest Active - 6 Month Supply,revive-zest-active-6-month-supply,ACTIVE,174.95,,no,1,CONTINUE,no compare-at on ours; no Sale tag
1-simple-was-now,sale,Sculpted By Aimee,Oily Skin Morning Routine Bundle,200.00,159.99,LIMITED TIME ONLY,Sale,no,SculptedMorningBundle1,https://www.mccormackspharmacy.ie/p/sculpted-by-aimee-oily-skin-morning-routine-bundle-/sculptedmorningbundle1,barcode,Sculpted By Aimee Oily Skin Morning Routine Bundle,sculpted-by-aimee-oily-skin-morning-routine-bundle,ACTIVE,159.99,,no,0,DENY,no compare-at on ours; no Sale tag; 0 stock on ours (off sale)
1-simple-was-now,sale,Revive Active,Collagen Complex 3 Month Supply 90 Sachets,179.99,129.99,Save €50,Sale,no,05391546180406,https://www.mccormackspharmacy.ie/p/revive-active-collagen-complex-3-month-supply-90-sachets/05391546180406,barcode,Revive Active Collagen Complex 3 Month Supply 90 Sachets,revive-active-collagen-complex-3-month-supply-90-sachets,ACTIVE,129.99,,no,1,CONTINUE,no compare-at on ours; no Sale tag
1-simple-was-now,sale,Revive Active,Joint Complex - 3 Month Supply,149.85,129.95,,Sale,no,Jointcomplex3,https://www.mccormackspharmacy.ie/p/revive-active-joint-complex---3-month-supply/jointcomplex3,barcode,Revive Active Joint Complex - 3 Month Supply,revive-active-joint-complex-3-month-supply,ACTIVE,129.95,,no,1,CONTINUE,no compare-at on ours; no Sale tag
1-simple-was-now,sale,Revive Active,3 Month Supply - 90 Sachets,179.99,127.99,LIMITED TIME ONLY,Sale,no,5391517512176,https://www.mccormackspharmacy.ie/p/revive-active-3-month-supply---90-sachets/5391517512176,barcode,Revive Active 3 Month Supply - 90 Sachets,revive-active-3-month-supply-90-sachets,ACTIVE,127.99,,no,1,CONTINUE,no compare-at on ours; no Sale tag
1-simple-was-now,sale,Revive Active,Revive Tropical 3 Month Supply - 90 Sachets,179.99,127.99,SAVE OVER €50!!!,Sale,no,079775747684,https://www.mccormackspharmacy.ie/p/revive-tropical-3-month-supply---90-sachets/079775747684,barcode,Revive Tropical 3 Month Supply - 90 Sachets,revive-tropical-3-month-supply-90-sachets,ACTIVE,127.99,,no,1,CONTINUE,no compare-at on ours; no Sale tag
1-simple-was-now,sale,Revive Active,Meno Active -3 Month Supply,179.99,127.99,,Sale,no,menoactive1,https://www.mccormackspharmacy.ie/p/revive-active-meno-active--3-month-supply/menoactive1,barcode,Revive Active Meno Active -3 Month Supply,revive-active-meno-active-3-month-supply,ACTIVE,127.99,,no,1,CONTINUE,no compare-at on ours; no Sale tag
1-simple-was-now,sale,Sculpted By Aimee,Oily Skin Nighttime Routine Bundle,139.99,109.99,LIMITED TIME ONLY,Sale,no,SculptedNightBundle1,https://www.mccormackspharmacy.ie/p/sculpted-by-aimee-oily-skin-nighttime-routine-bundle-/sculptednightbundle1,barcode,Sculpted By Aimee Oily Skin Nighttime Routine Bundle,sculpted-by-aimee-oily-skin-nighttime-routine-bundle,ACTIVE,109.99,,no,0,DENY,no compare-at on ours; no Sale tag; 0 stock on ours (off sale)
1-simple-was-now,sale,Voduz,Healthy Hair Bundle,109.99,84.99,WHILE STOCKS LAST,Sale,no,voduzhhbundle1,https://www.mccormackspharmacy.ie/p/voduz-healthy-hair-bundle/voduzhhbundle1,barcode,Voduz Healthy Hair Bundle,voduz-healthy-hair-bundle,ACTIVE,84.99,,no,1,CONTINUE,no compare-at on ours; no Sale tag
1-simple-was-now,sale,Voduz,R'oil And Hairdryer Bundle,115.99,84.99,WHILE STOCKS LAST,Sale,no,VoduzHairdyerBundle1,https://www.mccormackspharmacy.ie/p/voduz-roil-and-hairdryer-bundle/voduzhairdyerbundle1,barcode,Voduz R'oil And Hairdryer Bundle,voduz-r-oil-and-hairdryer-bundle,ACTIVE,84.99,,yes,1,CONTINUE,no compare-at on ours
1-simple-was-now,sale,Revive Active,Zest- 3 Month Supply-90 Sachets,104.85,84.95,,Sale,no,735850866841,https://www.mccormackspharmacy.ie/p/revive-active-zest--3-month-supply-90-sachets/735850866841,barcode,Revive Active Zest- 3 Month Supply-90 Sachets,revive-active-zest-3-month-supply-90-sachets,ACTIVE,84.95,,no,1,CONTINUE,no compare-at on ours; no Sale tag
1-simple-was-now,sale,Alflorex,Precision Biotics-3 Month Supply,104.85,74.95,,Sale,no,5392000067418,https://www.mccormackspharmacy.ie/p/alflorex-precision-biotics-3-month-supply/5392000067418,barcode,Alflorex Precision Biotics-3 Month Supply,alflorex-precision-biotics-3-month-supply,ACTIVE,74.95,,no,1,CONTINUE,no compare-at on ours; no Sale tag
1-simple-was-now,sale,Sculpted By Aimee,Sculpted Perfect Prep Edit,85.00,69.99,LIMITED TIME OFFER,Sale,no,SculptedTrio2,https://www.mccormackspharmacy.ie/p/sculpted-perfect-prep-edit-/sculptedtrio2,,,,,,,,,,no match on our store
1-simple-was-now,sale,Sculpted By Aimee,Sculpted The Trending Trio Bundle,85.00,69.99,LIMITED TIME OFFER,Sale,no,SculptedTrio1,https://www.mccormackspharmacy.ie/p/sculpted-the-trending-trio-bundle-/sculptedtrio1,,,,,,,,,,no match on our store
1-simple-was-now,sale,BPerfect,Flawless Base Bundle,75.99,59.99,LIMITED TIME ONLY,Sale,no,bperfectbundle1,https://www.mccormackspharmacy.ie/p/bperfect-flawless-base-bundle/bperfectbundle1,barcode,Bperfect Flawless Base Bundle,bperfect-flawless-base-bundle,ACTIVE,59.99,,no,1,CONTINUE,no compare-at on ours; no Sale tag
1-simple-was-now,sale,Regaine,Men Foam 5% 3Pk,85.99,58.95,,Sale,no,3574661023700,https://www.mccormackspharmacy.ie/p/regaine-men-foam-5-3pk/3574661023700,barcode,Regaine Men Foam 5% 3Pk,regaine-men-foam-5-3pk,ACTIVE,58.95,,no,0,DENY,no compare-at on ours; no Sale tag; 0 stock on ours (off sale)
1-simple-was-now,sale,Water Wipes,- 24 Pack,72.95,56.95,,Sale,no,35614643163,https://www.mccormackspharmacy.ie/p/water-wipes--24-pack-/35614643163,barcode,Water Wipes- 24 Pack,water-wipes-24-pack,ACTIVE,56.95,,no,1,CONTINUE,no compare-at on ours; no Sale tag
1-simple-was-now,sale,Biabelle,Instant Bundle With Blur Brush- Ultra Dark,60.85,51.85,,Sale,no,biabelle42,https://www.mccormackspharmacy.ie/p/biabelle-instant-bundle-with-blur-brush--ultra-dark/biabelle42,barcode,Biabelle Instant Bundle With Blur Brush- Ultra Dark,biabelle-instant-bundle-with-blur-brush-ultra-dark,ACTIVE,51.85,,no,1,CONTINUE,no compare-at on ours; no Sale tag
1-simple-was-now,sale,Biabelle,Instant Bundle With Blur Brush- Medium,58.85,49.95,,Sale,no,biabelle41,https://www.mccormackspharmacy.ie/p/biabelle-instant-bundle-with-blur-brush--medium-/biabelle41,barcode,Biabelle Instant Bundle With Blur Brush- Medium,biabelle-instant-bundle-with-blur-brush-medium,ACTIVE,49.95,,no,1,CONTINUE,no compare-at on ours; no Sale tag
1-simple-was-now,sale,Biabelle,Instant Bundle With Blur Brush- Dark,58.85,49.95,,Sale,no,biabelle40,https://www.mccormackspharmacy.ie/p/biabelle-instant-bundle-with-blur-brush--dark/biabelle40,barcode,Biabelle Instant Bundle With Blur Brush- Dark,biabelle-instant-bundle-with-blur-brush-dark,ACTIVE,49.95,,no,1,CONTINUE,no compare-at on ours; no Sale tag
1-simple-was-now,sale,Uriage,Hyseac Oily Skin Bundle,62.00,49.95,,Sale,no,uriagebundle1,https://www.mccormackspharmacy.ie/p/uriage-hyseac-oily-skin-bundle/uriagebundle1,barcode,Uriage Hyseac Oily Skin Bundle,uriage-hyseac-oily-skin-bundle,ACTIVE,49.95,,no,1,CONTINUE,no compare-at on ours; no Sale tag
1-simple-was-now,sale,Voduz,Ultimate Shine Bundle,62.99,44.99,WHILE STOCKS LAST,Sale,no,VoduzBundle2,https://www.mccormackspharmacy.ie/p/voduz-ultimate-shine-bundle/voduzbundle2,barcode,Voduz Ultimate Shine Bundle,voduz-ultimate-shine-bundle,ACTIVE,44.99,,no,1,CONTINUE,no compare-at on ours; no Sale tag
1-simple-was-now,sale,Biabelle,Bronze Obsession Bundle- Medium,50.85,44.85,,Sale,no,biabelle6,https://www.mccormackspharmacy.ie/p/biabelle-bronze-obsession-bundle--medium/biabelle6,barcode,Biabelle Bronze Obsession Bundle- Medium,biabelle-bronze-obsession-bundle-medium,ACTIVE,44.85,,no,1,CONTINUE,no compare-at on ours; no Sale tag
1-simple-was-now,sale,Biabelle,Tan Bundle & Instant - Ultra Dark,48.85,41.95,,Sale,no,biabelle29,https://www.mccormackspharmacy.ie/p/biabelle-tan-bundle-and-instant---ultra-dark/biabelle29,barcode,Biabelle Tan Bundle & Instant - Ultra Dark,biabelle-tan-bundle-instant-ultra-dark,ACTIVE,41.95,,no,1,CONTINUE,no compare-at on ours; no Sale tag
1-simple-was-now,sale,King,All Stars Collection,69.99,39.99,WHILE STOCKS LAST,Sale,no,0745314241946,https://www.mccormackspharmacy.ie/p/all-stars-collection/0745314241946,barcode,All Stars Collection,all-stars-collection,ACTIVE,39.99,,no,1,CONTINUE,no compare-at on ours; no Sale tag
1-simple-was-now,sale,Biabelle,Tan Bundle With Instant- Dark,46.85,39.95,,Sale,no,biabelle30,https://www.mccormackspharmacy.ie/p/biabelle-tan-bundle-with-instant--dark/biabelle30,barcode,Biabelle Tan Bundle With Instant- Dark,biabelle-tan-bundle-with-instant-dark,ACTIVE,39.95,,no,1,CONTINUE,no compare-at on ours; no Sale tag
1-simple-was-now,sale,SVR,Densitium Rich Cream Mature Skin Dry To Very Dry 50Ml,54.00,37.80,While Stocks Last!,Sale,no,3662361002467,https://www.mccormackspharmacy.ie/p/svr-densitium-rich-cream-mature-skin-dry-to-very-dry-50ml/3662361002467,barcode,Svr Densitium Rich Cream Mature Skin Dry To Very Dry 50Ml,svr-densitium-rich-cream-mature-skin-dry-to-very-dry-50ml,ACTIVE,37.80,,no,1,CONTINUE,no compare-at on ours; no Sale tag
1-simple-was-now,sale,SVR,Biotic C20 Regenerating Radiance Cream 50Ml,51.00,35.70,While Stocks Last!,Sale,no,3662361001187,https://www.mccormackspharmacy.ie/p/svr-biotic-c20-regenerating-radiance-cream-50ml/3662361001187,barcode,Svr Biotic C20 Regenerating Radiance Cream 50Ml,svr-biotic-c20-regenerating-radiance-cream-50ml,ACTIVE,35.70,,no,1,CONTINUE,no compare-at on ours; no Sale tag
1-simple-was-now,sale,Voduz,Smooth & Sleek Bundle,50.99,34.99,WHILE STOCKS LAST,Sale,no,Voduzsleekbundle,https://www.mccormackspharmacy.ie/p/voduz-smooth-and-sleek-bundle/voduzsleekbundle,barcode,Voduz Smooth & Sleek Bundle,voduz-smooth-sleek-bundle,ACTIVE,34.99,,no,1,CONTINUE,no compare-at on ours; no Sale tag
1-simple-was-now,sale+clearance,Water Wipes,Waterwipes 12Pk And Biomiracle Hand Wipes 20Pk X 12 Bundle,64.99,34.99,LIMITED TIME OFFER,Sale,no,WipesBundle1,https://www.mccormackspharmacy.ie/p/waterwipes-12pk-and-biomiracle-hand-wipes-20pk-x-12-bundle/wipesbundle1,barcode,Waterwipes 12Pk And Biomiracle Hand Wipes 20Pk X 12 Bundle,waterwipes-12pk-and-biomiracle-hand-wipes-20pk-x-12-bundle,ACTIVE,34.99,,no,1,CONTINUE,no compare-at on ours; no Sale tag
1-simple-was-now,sale,YANKEE CANDLE,Ss24 And Sharpie Giftset,39.99,29.99,WHILE STOCKS LAST,Sale,no,5038581160894,https://www.mccormackspharmacy.ie/p/yankee-candle-ss24-and-sharpie-giftset/5038581160894,barcode,Yankee Candle Ss24 And Sharpie Giftset,yankee-candle-ss24-and-sharpie-giftset,ACTIVE,29.99,,no,1,CONTINUE,no compare-at on ours; no Sale tag
1-simple-was-now,sale,Water Wipes,60 Wipes - 12 Pack,46.95,29.95,,Sale,no,waterwipes,https://www.mccormackspharmacy.ie/p/water-wipes-60-wipes---12-pack/waterwipes,barcode,Water Wipes 60 Wipes - 12 Pack,water-wipes-60-wipes-12-pack,ACTIVE,29.95,,no,1,CONTINUE,no compare-at on ours; no Sale tag
1-simple-was-now,sale,Azio Beauty,Intense Lifting Eye Serum,34.00,27.20,20% Off Azio Beauty,Sale,no,96213261,https://www.mccormackspharmacy.ie/p/azio-beauty-intense-lifting-eye-serum/96213261,barcode,Azio Beauty Intense Lifting Eye Serum,azio-beauty-intense-lifting-eye-serum,ACTIVE,27.20,,no,1,CONTINUE,no compare-at on ours; no Sale tag
1-simple-was-now,sale,Azio Beauty,Lift Factor Neck & Chest Cream,34.00,27.20,20% Off Azio Beauty,Sale,no,5070000552637,https://www.mccormackspharmacy.ie/p/azio-beauty-lift-factor-neck-and-chest-cream-/5070000552637,barcode,Azio Beauty Lift Factor Neck & Chest Cream,azio-beauty-lift-factor-neck-chest-cream,ACTIVE,27.20,,no,1,CONTINUE,no compare-at on ours; no Sale tag
1-simple-was-now,sale,Biabelle,Tan Bundle-Ultra Dark,31.90,26.95,,Sale,no,biabelle27,https://www.mccormackspharmacy.ie/p/biabelle-tan-bundle-ultra-dark/biabelle27,barcode,Biabelle Tan Bundle-Ultra Dark,biabelle-tan-bundle-ultra-dark,ACTIVE,26.95,,no,1,CONTINUE,no compare-at on ours; no Sale tag
1-simple-was-now,sale,WILD,Refill Mix,30.99,25.99,,Sale,no,wildrefillmix,https://www.mccormackspharmacy.ie/p/wild-refill-mix-/wildrefillmix,barcode,Wild Refill Mix,wild-refill-mix,ACTIVE,25.99,,no,1,CONTINUE,no compare-at on ours; no Sale tag
1-simple-was-now,sale,SVR,Densitium Eye Contour Global Correction 15Ml,37.00,25.90,While Stocks Last!,Sale,no,3662361001965,https://www.mccormackspharmacy.ie/p/svr-densitium-eye-contour-global-correction-15ml/3662361001965,barcode,Svr Densitium Eye Contour Global Correction 15Ml,svr-densitium-eye-contour-global-correction-15ml,ACTIVE,25.90,,no,1,CONTINUE,no compare-at on ours; no Sale tag
1-simple-was-now,sale,Biabelle,Tan Bundle-Dark,29.90,25.50,,Sale,no,biabelle28,https://www.mccormackspharmacy.ie/p/biabelle-tan-bundle-dark/biabelle28,barcode,Biabelle Tan Bundle-Dark,biabelle-tan-bundle-dark,ACTIVE,25.50,,no,1,CONTINUE,no compare-at on ours; no Sale tag
1-simple-was-now,sale,Biabelle,Tan Bundle-Medium,29.92,25.50,,Sale,no,biabelle21,https://www.mccormackspharmacy.ie/p/biabelle-tan-bundle-medium-/biabelle21,barcode,Biabelle Tan Bundle-Medium,biabelle-tan-bundle-medium,ACTIVE,25.50,,no,1,CONTINUE,no compare-at on ours; no Sale tag
1-simple-was-now,sale,,Foot Soak Bundle,30.00,24.99,WHILE STOCKS LAST!,Sale,no,Bndle260626,https://www.mccormackspharmacy.ie/p/foot-soak-bundle/bndle260626,barcode,Foot Soak Bundle,foot-soak-bundle,ACTIVE,30.00,,no,0,DENY,price €24.99→€30.00; no compare-at on ours; no Sale tag; 0 stock on ours (off sale)
1-simple-was-now,sale,WILD,Cotton Starter Pack With Refill Mix 6,28.49,23.95,,Sale,no,wild24mix,https://www.mccormackspharmacy.ie/p/wild-cotton-starter-pack-with-refill-mix-6-/wild24mix,barcode,Wild Cotton Starter Pack With Refill Mix 6,wild-cotton-starter-pack-with-refill-mix-6,ACTIVE,23.95,,no,1,CONTINUE,no compare-at on ours; no Sale tag
1-simple-was-now,sale,WILD,Cotton Starter Pack With Refill Mix 5,28.49,23.95,,Sale,no,wild23mix,https://www.mccormackspharmacy.ie/p/wild-cotton-starter-pack-with-refill-mix-5-/wild23mix,barcode,Wild Cotton Starter Pack With Refill Mix 5,wild-cotton-starter-pack-with-refill-mix-5,ACTIVE,23.95,,no,1,CONTINUE,no compare-at on ours; no Sale tag
1-simple-was-now,sale,WILD,Cotton Starter Pack With Refill Mix 4,28.49,23.95,,Sale,no,wild22mix,https://www.mccormackspharmacy.ie/p/wild-cotton-starter-pack-with-refill-mix-4-/wild22mix,barcode,Wild Cotton Starter Pack With Refill Mix 4,wild-cotton-starter-pack-with-refill-mix-4,ACTIVE,23.95,,no,1,CONTINUE,no compare-at on ours; no Sale tag
1-simple-was-now,sale,WILD,Coconut Starter Pack With Refill Mix 6,28.49,23.95,,Sale,no,wild19mix,https://www.mccormackspharmacy.ie/p/wild-coconut-starter-pack-with-refill-mix-6/wild19mix,barcode,Wild Coconut Starter Pack With Refill Mix 6,wild-coconut-starter-pack-with-refill-mix-6,ACTIVE,23.95,,no,1,CONTINUE,no compare-at on ours; no Sale tag
1-simple-was-now,sale,WILD,Coconut Starter Pack With Refill Mix 5,28.49,23.95,,Sale,no,wild20mix,https://www.mccormackspharmacy.ie/p/wild-coconut-starter-pack-with-refill-mix-5/wild20mix,barcode,Wild Coconut Starter Pack With Refill Mix 5,wild-coconut-starter-pack-with-refill-mix-5,ACTIVE,23.95,,no,1,CONTINUE,no compare-at on ours; no Sale tag
1-simple-was-now,sale,WILD,Jasmine Starter Pack With Refill Mix 6,28.49,23.95,,Sale,no,wild17mix,https://www.mccormackspharmacy.ie/p/wild-jasmine-starter-pack-with-refill-mix-6/wild17mix,barcode,Wild Jasmine Starter Pack With Refill Mix 6,wild-jasmine-starter-pack-with-refill-mix-6,ACTIVE,23.95,,no,1,CONTINUE,no compare-at on ours; no Sale tag
1-simple-was-now,sale,WILD,Jasmine Starter Pack With Refill Mix 5,28.49,23.95,,Sale,no,wild16mix,https://www.mccormackspharmacy.ie/p/wild-jasmine-starter-pack-with-refill-mix-5/wild16mix,barcode,Wild Jasmine Starter Pack With Refill Mix 5,wild-jasmine-starter-pack-with-refill-mix-5,ACTIVE,23.95,,no,1,CONTINUE,no compare-at on ours; no Sale tag
1-simple-was-now,sale,WILD,Jasmine Starter Pack With Refill Mix 4,28.49,23.95,,Sale,no,wild15mix,https://www.mccormackspharmacy.ie/p/wild-jasmine-starter-pack-with-refill-mix-4/wild15mix,barcode,Wild Jasmine Starter Pack With Refill Mix 4,wild-jasmine-starter-pack-with-refill-mix-4,ACTIVE,23.95,,no,1,CONTINUE,no compare-at on ours; no Sale tag
1-simple-was-now,sale,WILD,Cotton Starter Pack With Refill Mix 3,28.49,23.95,,Sale,no,wild14mix,https://www.mccormackspharmacy.ie/p/wild-cotton-starter-pack-with-refill-mix-3/wild14mix,barcode,Wild Cotton Starter Pack With Refill Mix 3,wild-cotton-starter-pack-with-refill-mix-3,ACTIVE,23.95,,no,1,CONTINUE,no compare-at on ours; no Sale tag
1-simple-was-now,sale,WILD,Cotton Starter Pack With Refill Mix 2,28.49,23.95,,Sale,no,wild13mix,https://www.mccormackspharmacy.ie/p/wild-cotton-starter-pack-with-refill-mix-2/wild13mix,barcode,Wild Cotton Starter Pack With Refill Mix 2,wild-cotton-starter-pack-with-refill-mix-2,ACTIVE,23.95,,no,1,CONTINUE,no compare-at on ours; no Sale tag
1-simple-was-now,sale,WILD,Cotton Starter Pack With Refill Mix 1,28.49,23.95,,Sale,no,wild12mix,https://www.mccormackspharmacy.ie/p/wild-cotton-starter-pack-with-refill-mix-1-/wild12mix,barcode,Wild Cotton Starter Pack With Refill Mix 1,wild-cotton-starter-pack-with-refill-mix-1,ACTIVE,23.95,,no,1,CONTINUE,no compare-at on ours; no Sale tag
1-simple-was-now,sale,WILD,Coconut Starter Pack With Refill Mix 4,28.49,23.95,,Sale,no,wild11mix,https://www.mccormackspharmacy.ie/p/wild-coconut-starter-pack-with-refill-mix-4/wild11mix,barcode,Wild Coconut Starter Pack With Refill Mix 4,wild-coconut-starter-pack-with-refill-mix-4,ACTIVE,23.95,,no,1,CONTINUE,no compare-at on ours; no Sale tag
1-simple-was-now,sale,WILD,Coconut Starter Pack With Refill Mix 3,28.49,23.95,,Sale,no,wild10mix,https://www.mccormackspharmacy.ie/p/wild-coconut-starter-pack-with-refill-mix-3/wild10mix,barcode,Wild Coconut Starter Pack With Refill Mix 3,wild-coconut-starter-pack-with-refill-mix-3,ACTIVE,23.95,,no,1,CONTINUE,no compare-at on ours; no Sale tag
1-simple-was-now,sale,WILD,Coconut Starter Pack With Refill Mix 2,28.49,23.95,,Sale,no,wild9mix,https://www.mccormackspharmacy.ie/p/wild-coconut-starter-pack-with-refill-mix-2/wild9mix,barcode,Wild Coconut Starter Pack With Refill Mix 2,wild-coconut-starter-pack-with-refill-mix-2,ACTIVE,23.95,,no,1,CONTINUE,no compare-at on ours; no Sale tag
1-simple-was-now,sale,WILD,Jasmine Starter Pack With Refill Mix 1,28.49,23.95,,Sale,no,wild8mix,https://www.mccormackspharmacy.ie/p/wild-jasmine-starter-pack-with-refill-mix-1/wild8mix,barcode,Wild Jasmine Starter Pack With Refill Mix 1,wild-jasmine-starter-pack-with-refill-mix-1,ACTIVE,23.95,,no,1,CONTINUE,no compare-at on ours; no Sale tag
1-simple-was-now,sale,WILD,Jasmine Starter Pack With Refill Mix 3,28.49,23.95,,Sale,no,wild7mix,https://www.mccormackspharmacy.ie/p/wild-jasmine-starter-pack-with-refill-mix-3/wild7mix,barcode,Wild Jasmine Starter Pack With Refill Mix 3,wild-jasmine-starter-pack-with-refill-mix-3,ACTIVE,23.95,,no,1,CONTINUE,no compare-at on ours; no Sale tag
1-simple-was-now,sale,WILD,Jasmine Starter Pack With Refill Mix 2,28.49,23.95,,Sale,no,Wild6mix,https://www.mccormackspharmacy.ie/p/wild-jasmine-starter-pack-with-refill-mix-2-/wild6mix,barcode,Wild Jasmine Starter Pack With Refill Mix 2,wild-jasmine-starter-pack-with-refill-mix-2,ACTIVE,23.95,,no,1,CONTINUE,no compare-at on ours; no Sale tag
1-simple-was-now,sale,WILD,Coconut Starter Pack With Refill Mix 1,28.49,23.95,,Sale,no,wild5mix,https://www.mccormackspharmacy.ie/p/wild-coconut-starter-pack-with-refill-mix-1-/wild5mix,barcode,Wild Coconut Starter Pack With Refill Mix 1,wild-coconut-starter-pack-with-refill-mix-1,ACTIVE,23.95,,no,1,CONTINUE,no compare-at on ours; no Sale tag
1-simple-was-now,sale,Azio Beauty,Intense Firming Face Serum,28.00,22.40,20% Off Azio Beauty,Sale,no,5070000552606,https://www.mccormackspharmacy.ie/p/azio-beauty-intense-firming-face-serum/5070000552606,barcode,Azio Beauty Intense Firming Face Serum,azio-beauty-intense-firming-face-serum,ACTIVE,22.40,,no,1,CONTINUE,no compare-at on ours; no Sale tag
1-simple-was-now,sale,Azio Beauty,Rejuvenating Night Cream,28.00,22.40,20% Off Azio Beauty,Sale,no,5070000552620,https://www.mccormackspharmacy.ie/p/azio-beauty-rejuvenating-night-cream-/5070000552620,barcode,Azio Beauty Rejuvenating Night Cream,azio-beauty-rejuvenating-night-cream,ACTIVE,22.40,,no,1,CONTINUE,no compare-at on ours; no Sale tag
1-simple-was-now,sale,Azio Beauty,Intense Lifting Day Cream,28.00,22.40,20% Off Azio Beauty,Sale,no,5070000552644,https://www.mccormackspharmacy.ie/p/azio-beauty-intense-lifting-day-cream/5070000552644,barcode,Azio Beauty Intense Lifting Day Cream,azio-beauty-intense-lifting-day-cream,ACTIVE,22.40,,no,1,CONTINUE,no compare-at on ours; no Sale tag
1-simple-was-now,sale,SVR,Eye & Lip Filler Biotic 15Ml,31.00,21.70,While Stocks Last!,Sale,no,3662361003259,https://www.mccormackspharmacy.ie/p/svr-eye-and-lip-filler-biotic-15ml/3662361003259,barcode,Svr Eye & Lip Filler Biotic 15Ml,svr-eye-lip-filler-biotic-15ml,ACTIVE,21.70,,no,1,CONTINUE,no compare-at on ours; no Sale tag
1-simple-was-now,sale,BPerfect,Chroma Cover Luminous Foundation - W1,24.95,19.95,€5 OFF WHILE STOCKS LAST!,Sale,no,5060907056154,https://www.mccormackspharmacy.ie/p/chroma-cover-luminous-foundation---w1/5060907056154,barcode,Chroma Cover Luminous Foundation - W1,chroma-cover-luminous-foundation-w1,ACTIVE,19.95,,no,1,CONTINUE,no compare-at on ours; no Sale tag
1-simple-was-now,sale,BPerfect,Chroma Cover Luminous Foundation - N3,24.95,19.95,€5 OFF WHILE STOCKS LAST!,Sale,no,5060907056208,https://www.mccormackspharmacy.ie/p/chroma-cover-luminous-foundation---n3/5060907056208,barcode,Chroma Cover Luminous Foundation - N3,chroma-cover-luminous-foundation-n3,ACTIVE,19.95,,no,1,CONTINUE,no compare-at on ours; no Sale tag
1-simple-was-now,sale,BPerfect,Chroma Cover Luminous Foundation - W5,24.95,19.95,€5 OFF WHILE STOCKS LAST!,Sale,no,CHROMALUMINOUSW5,https://www.mccormackspharmacy.ie/p/bperfect-chroma-cover-luminous-foundation---w5/chromaluminousw5,barcode,Bperfect Chroma Cover Luminous Foundation - W5,bperfect-chroma-cover-luminous-foundation-w5,ACTIVE,19.95,,no,0,DENY,no compare-at on ours; no Sale tag; 0 stock on ours (off sale)
1-simple-was-now,sale,,Glow Hub Skin Drink Hydrating Set,27.00,17.99,Limited Time Only!,Sale,no,5019607257255,https://www.mccormackspharmacy.ie/p/glow-hub-skin-drink-hydrating-set-/5019607257255,barcode,Glow Hub Skin Drink Hydrating Set,glow-hub-skin-drink-hydrating-set,ACTIVE,17.99,,no,1,CONTINUE,no compare-at on ours; no Sale tag
1-simple-was-now,sale,BPerfect,Chroma Cover Matte Foundation - N4,22.95,17.95,€5 OFF WHILE STOCKS LAST!,Sale,no,5060907055881,https://www.mccormackspharmacy.ie/p/chroma-cover-matte-foundation---n4/5060907055881,barcode,Chroma Cover Matte Foundation - N4,chroma-cover-matte-foundation-n4,ACTIVE,17.95,,no,1,CONTINUE,no compare-at on ours; no Sale tag
1-simple-was-now,sale,BPerfect,Chroma Cover Matte Foundation - W8,22.95,17.95,€5 OFF WHILE STOCKS LAST!,Sale,no,5060907055959,https://www.mccormackspharmacy.ie/p/chroma-cover-matte-foundation---w8/5060907055959,barcode,Chroma Cover Matte Foundation - W8,chroma-cover-matte-foundation-w8,ACTIVE,17.95,,no,1,CONTINUE,no compare-at on ours; no Sale tag
1-simple-was-now,sale,BPerfect,Chroma Cover Matte Foundation - W2,22.95,17.95,€5 OFF WHILE STOCKS LAST!,Sale,no,chromaw2,https://www.mccormackspharmacy.ie/p/bperfect-chroma-cover-matte-foundation---w2/chromaw2,barcode,BPerfect Chroma Cover Matte Foundation - W2,bperfect-chroma-cover-matte-foundation-w2,ACTIVE,22.95,,no,0,DENY,price €17.95→€22.95; no compare-at on ours; no Sale tag; 0 stock on ours (off sale)
1-simple-was-now,sale,BPerfect,Chroma Cover Matte Foundation - W9,22.95,17.95,€5 OFF WHILE STOCKS LAST!,Sale,no,chormaw9,https://www.mccormackspharmacy.ie/p/bperfect-chroma-cover-matte-foundation---w9/chormaw9,barcode,Bperfect Chroma Cover Matte Foundation - W9,bperfect-chroma-cover-matte-foundation-w9,ACTIVE,22.95,,no,1,CONTINUE,price €17.95→€22.95; no compare-at on ours; no Sale tag
1-simple-was-now,sale,BPerfect,Chroma Cover Matte Foundation - N5,22.95,17.95,€5 OFF WHILE STOCKS LAST!,Sale,no,chroman5,https://www.mccormackspharmacy.ie/p/bperfect-chroma-cover-matte-foundation---n5/chroman5,barcode,BPerfect Chroma Cover Matte Foundation - N5,bperfect-chroma-cover-matte-foundation-n5,ACTIVE,22.95,,no,0,DENY,price €17.95→€22.95; no compare-at on ours; no Sale tag; 0 stock on ours (off sale)
1-simple-was-now,sale,BPerfect,Chroma Cover Matte Foundation - W1,22.95,17.95,€5 OFF WHILE STOCKS LAST!,Sale,no,chromaw1,https://www.mccormackspharmacy.ie/p/bperfect-chroma-cover-matte-foundation---w1/chromaw1,barcode,Bperfect Chroma Cover Matte Foundation - W1,bperfect-chroma-cover-matte-foundation-w1,ACTIVE,22.95,,no,1,CONTINUE,price €17.95→€22.95; no compare-at on ours; no Sale tag
1-simple-was-now,sale,BPerfect,Chroma Cover Matte Foundation - C1,22.95,17.95,€5 OFF WHILE STOCKS LAST!,Sale,no,chromac1,https://www.mccormackspharmacy.ie/p/bperfect-chroma-cover-matte-foundation---c1/chromac1,barcode,Bperfect Chroma Cover Matte Foundation - C1,bperfect-chroma-cover-matte-foundation-c1,ACTIVE,22.95,,no,0,DENY,price €17.95→€22.95; no compare-at on ours; no Sale tag; 0 stock on ours (off sale)
1-simple-was-now,sale,Azio Beauty,Pollution Defense Cleanser,22.00,17.60,20% Off Azio Beauty,Sale,no,5070003841929,https://www.mccormackspharmacy.ie/p/azio-beauty-pollution-defense-cleanser-/5070003841929,barcode,Azio Beauty Pollution Defense Cleanser,azio-beauty-pollution-defense-cleanser,ACTIVE,17.60,,no,0,DENY,no compare-at on ours; no Sale tag; 0 stock on ours (off sale)
1-simple-was-now,sale,Azio Beauty,Azio Beuty Refining Micro Exfoliator,22.00,17.60,20% Off Azio Beauty,Sale,no,5070003841936,https://www.mccormackspharmacy.ie/p/azio-beuty-refining-micro-exfoliator/5070003841936,barcode,Azio Beuty Refining Micro Exfoliator,azio-beuty-refining-micro-exfoliator,ACTIVE,17.60,,no,0,DENY,no compare-at on ours; no Sale tag; 0 stock on ours (off sale)
1-simple-was-now,sale,SVR,Sensifine Ar Eau Micellaire 400Ml,19.00,13.30,While Stocks Last!,Sale,no,3401360167902,https://www.mccormackspharmacy.ie/p/svr-sensifine-ar-eau-micellaire-400ml/3401360167902,barcode,Svr Sensifine Ar Eau Micellaire 400Ml,svr-sensifine-ar-eau-micellaire-400ml,ACTIVE,13.30,,no,1,CONTINUE,no compare-at on ours; no Sale tag
1-simple-was-now,sale,SVR,Hydraliane Creme Riche 50Ml,19.00,13.30,While Stocks Last!,Sale,no,3662361003297,https://www.mccormackspharmacy.ie/p/svr-hydraliane-creme-riche-50ml-/3662361003297,barcode,Svr Hydraliane Creme Riche 50Ml,svr-hydraliane-creme-riche-50ml,ACTIVE,13.30,,no,1,CONTINUE,no compare-at on ours; no Sale tag
1-simple-was-now,sale,SVR,Sensifine Hydra-Creme 40Ml,19.00,13.30,While Stocks Last!,Sale,no,3662361001842,https://www.mccormackspharmacy.ie/p/svr-sensifine-hydra-creme-40ml-/3662361001842,barcode,Svr Sensifine Hydra-Creme 40Ml,svr-sensifine-hydra-creme-40ml,ACTIVE,13.30,,no,1,CONTINUE,no compare-at on ours; no Sale tag
1-simple-was-now,sale,SVR,Physiopure Eau Micellaire Refill 400Ml,17.00,11.90,While Stocks Last!,Sale,no,SV1026146,https://www.mccormackspharmacy.ie/p/svr-physiopure-eau-micellaire-refill-400ml/sv1026146,barcode,Svr Physiopure Eau Micellaire Refill 400Ml,svr-physiopure-eau-micellaire-refill-400ml,ACTIVE,11.90,,no,1,CONTINUE,no compare-at on ours; no Sale tag
1-simple-was-now,sale,,Paddington - Paint Your Own Bug Hotel,16.99,9.99,WHILE STOCKS LAST,Sale,no,5051237087147,https://www.mccormackspharmacy.ie/p/paddington---paint-your-own-bug-hotel-/5051237087147,barcode,Paddington - Paint Your Own Bug Hotel,paddington-paint-your-own-bug-hotel,ACTIVE,9.99,,no,1,CONTINUE,no compare-at on ours; no Sale tag
1-simple-was-now,sale,Nivea,Men Clean Shave Kit,13.99,8.99,,Sale,no,025970012858,https://www.mccormackspharmacy.ie/p/nivea-men-clean-shave-kit-/025970012858,barcode,Nivea Men Clean Shave Kit,nivea-men-clean-shave-kit,ACTIVE,8.99,,no,1,CONTINUE,no compare-at on ours; no Sale tag
1-simple-was-now,sale,Swiss,S O.Par Brow Dye Brown,12.99,6.99,,Sale,no,7612567135618,https://www.mccormackspharmacy.ie/p/swisss-opar-brow-dye-brown/7612567135618,barcode,Swisss O.Par Brow Dye Brown,swisss-o-par-brow-dye-brown,ACTIVE,6.99,,no,1,CONTINUE,no compare-at on ours; no Sale tag
1-simple-was-now,sale,Water Wipes,Baby Wipes,3.99,2.50,,Sale,no,5099514400142,https://www.mccormackspharmacy.ie/p/water-wipes-baby-wipes/5099514400142,barcode,Water Wipes Baby Wipes,water-wipes-baby-wipes,ACTIVE,2.50,,no,1,CONTINUE,no compare-at on ours; no Sale tag
2-multibuy-or-gift,sale,Revive Active,Original 30Pk,,59.99,revive Buy 1 get 1 Half Price,Sale,no,5391517512175,https://www.mccormackspharmacy.ie/p/revive-active-original-30pk/5391517512175,barcode,Revive Active Original 30Pk,revive-active-original-30pk,ACTIVE,59.99,,no,1,CONTINUE,no Sale tag
2-multibuy-or-gift,sale,Revive Active,Meno Active,,59.99,revive Buy 1 get 1 Half Price,Sale,no,794712627296,https://www.mccormackspharmacy.ie/p/revive-active-meno-active/794712627296,barcode,Revive Active Meno Active,revive-active-meno-active,ACTIVE,59.99,,no,1,CONTINUE,no Sale tag
2-multibuy-or-gift,sale,Revive Active,Joint Complex 30Pk,,49.99,revive Buy 1 get 1 Half Price,Sale,no,799439659360,https://www.mccormackspharmacy.ie/p/revive-active-joint-complex-30pk/799439659360,barcode,Revive Active Joint Complex 30Pk,revive-active-joint-complex-30pk,ACTIVE,49.99,,no,1,CONTINUE,no Sale tag
2-multibuy-or-gift,sale,Revive Active,Zest Active Ages 20-35 30Pk,,36.99,2 for €52.45,Sale,no,793618039950,https://www.mccormackspharmacy.ie/p/revive-active-zest-active-ages-20-35-30pk/793618039950,barcode,Revive Active Zest Active Ages 20-35 30Pk,revive-active-zest-active-ages-20-35-30pk,ACTIVE,36.99,,no,1,CONTINUE,no Sale tag
2-multibuy-or-gift,sale,BPerfect,Tan Studio Tanning Mousse Ultra Dark 200Ml,,23.95,Free Tanning Mitt for every Bperfect Tan Studio Item Ordered,Sale,no,5061007286465,https://www.mccormackspharmacy.ie/p/bperfect-tan-studio-tanning-mousse-ultra-dark-200ml-/5061007286465,barcode,Bperfect Tan Studio Tanning Mousse Ultra Dark 200ml,bperfect-tan-studio-tanning-mousse-ultra-dark-200ml,ACTIVE,23.95,,no,0,DENY,no Sale tag; 0 stock on ours (off sale)
2-multibuy-or-gift,sale,BPerfect,Tan Studio Self Tanning Body Butter Dark 200Ml,,22.95,Free Tanning Mitt for every Bperfect Tan Studio Item Ordered,Sale,no,5061045653731,https://www.mccormackspharmacy.ie/p/bperfect-tan-studio-self-tanning-body-butter-dark-200ml/5061045653731,barcode,Bperfect Tan Studio Self Tanning Body Butter Dark 200ml,bperfect-tan-studio-self-tanning-body-butter-dark-200ml,ACTIVE,22.95,,no,0,DENY,no Sale tag; 0 stock on ours (off sale)
2-multibuy-or-gift,sale,BPerfect,Tan Studio Tanning Liquid Dark 175Ml,,21.95,Free Tanning Mitt for every Bperfect Tan Studio Item Ordered,Sale,no,5061007286489,https://www.mccormackspharmacy.ie/p/bperfect-tan-studio-tanning-liquid-dark-175ml/5061007286489,barcode,Bperfect Tan Studio Tanning Liquid Dark 175ml,bperfect-tan-studio-tanning-liquid-dark-175ml,ACTIVE,21.95,,no,0,DENY,no Sale tag; 0 stock on ours (off sale)
2-multibuy-or-gift,sale,BPerfect,Tan Studio Self Tanning Oil Medium 150Ml,,21.95,Free Tanning Mitt for every Bperfect Tan Studio Item Ordered,Sale,no,5061045654004,https://www.mccormackspharmacy.ie/p/bperfect-tan-studio-self-tanning-oil-medium-150ml-/5061045654004,barcode,Bperfect Tan Studio Self Tanning Oil Medium 150ml,bperfect-tan-studio-self-tanning-oil-medium-150ml,ACTIVE,21.95,,no,0,DENY,no Sale tag; 0 stock on ours (off sale)
2-multibuy-or-gift,sale,BPerfect,Tan Studio Tanning Facial Mist Light-Medium 150Ml,,18.95,Free Tanning Mitt for every Bperfect Tan Studio Item Ordered,Sale,no,5061007280289,https://www.mccormackspharmacy.ie/p/bperfect-tan-studio-tanning-facial-mist-light-medium-150ml/5061007280289,barcode,Bperfect Tan Studio Tanning Facial Mist Light-Medium 150ml,bperfect-tan-studio-tanning-facial-mist-light-medium-150ml,ACTIVE,18.95,,no,0,DENY,no Sale tag; 0 stock on ours (off sale)
2-multibuy-or-gift,sale,BPerfect,Tan Studio Instant Aerosol Tan Ultra Dark 125Ml,,16.95,Free Tanning Mitt for every Bperfect Tan Studio Item Ordered,Sale,no,5061045654288,https://www.mccormackspharmacy.ie/p/bperfect-tan-studio-instant-aerosol-tan-ultra-dark-125ml-/5061045654288,barcode,Bperfect Tan Studio Instant Aerosol Tan Ultra Dark 125ml,bperfect-tan-studio-instant-aerosol-tan-ultra-dark-125ml,ACTIVE,16.95,,no,0,DENY,no Sale tag; 0 stock on ours (off sale)
2-multibuy-or-gift,sale,BPerfect,Tan Studio Instant Aerosol Tan Medium 125Ml,,16.95,Free Tanning Mitt for every Bperfect Tan Studio Item Ordered,Sale,no,5061045654264,https://www.mccormackspharmacy.ie/p/bperfect-tan-studio-instant-aerosol-tan-medium-125ml-/5061045654264,barcode,Bperfect Tan Studio Instant Aerosol Tan Medium 125ml,bperfect-tan-studio-instant-aerosol-tan-medium-125ml,ACTIVE,16.95,,no,0,DENY,no Sale tag; 0 stock on ours (off sale)
2-multibuy-or-gift,sale,BPerfect,Tan Studio Instant Aerosol Tan Dark 125Ml,,16.95,Free Tanning Mitt for every Bperfect Tan Studio Item Ordered,Sale,no,5061045654271,https://www.mccormackspharmacy.ie/p/bperfect-tan-studio-instant-aerosol-tan-dark-125ml-/5061045654271,barcode,Bperfect Tan Studio Instant Aerosol Tan Dark 125ml,bperfect-tan-studio-instant-aerosol-tan-dark-125ml,ACTIVE,16.95,,no,0,DENY,no Sale tag; 0 stock on ours (off sale)
2-multibuy-or-gift,sale+clearance,Batiste,Dry Shampoo Tropical 200Ml,,4.89,Buy 2 for €7 !,Sale,no,5010724527511,https://www.mccormackspharmacy.ie/p/batiste-dry-shampoo-tropical-200ml/5010724527511,barcode,Batiste Dry Shampoo Tropical 200Ml,batiste-dry-shampoo-tropical-200ml,ACTIVE,4.89,,no,1,CONTINUE,no Sale tag
2-multibuy-or-gift,sale+clearance,Batiste,200Ml Blush Dry Shampoo,,4.89,Buy 2 for €7 !,Sale,no,5010724527375,https://www.mccormackspharmacy.ie/p/batiste-200ml-blush-dry-shampoo/5010724527375,barcode,Batiste 200Ml Blush Dry Shampoo,batiste-200ml-blush-dry-shampoo,ACTIVE,4.89,,no,1,CONTINUE,no Sale tag
2-multibuy-or-gift,sale+clearance,,Dove Advanced Care Pampering Shea Butter & Vanilla Body Wash 225Ml,,3.99,3 for €10,Clearance,no,8720181462924,https://www.mccormackspharmacy.ie/p/dove-advanced-care-pampering-shea-butter-and-vanilla-body-wash-225ml/8720181462924,barcode,Dove Advanced Care Pampering Shea Butter & Vanilla Body Wash 225Ml,dove-advanced-care-pampering-shea-butter-vanilla-body-wash-225ml,ACTIVE,3.99,,no,1,CONTINUE,no Sale tag
2-multibuy-or-gift,sale+clearance,,Tresemme Lamellar Shine Shampoo 300Ml,,3.99,3 for €10,Clearance,no,8720181474682,https://www.mccormackspharmacy.ie/p/tresemme-lamellar-shine-shampoo-300ml/8720181474682,barcode,Tresemme Lamellar Shine Shampoo 300Ml,tresemme-lamellar-shine-shampoo-300ml,ACTIVE,3.99,,no,1,CONTINUE,no Sale tag
2-multibuy-or-gift,sale+clearance,,Dove Advanced Care Deeply Nourishing Body Wash 225Ml,,3.99,3 for €10,Clearance,no,8720181443367,https://www.mccormackspharmacy.ie/p/dove-advanced-care-deeply-nourishing-body-wash-225ml/8720181443367,barcode,Dove Advanced Care Deeply Nourishing Body Wash 225Ml,dove-advanced-care-deeply-nourishing-body-wash-225ml,ACTIVE,3.99,,no,1,CONTINUE,no Sale tag
2-multibuy-or-gift,sale+clearance,,Dove Advanced Care Nourishing Silk Body Wash 225Ml,,3.99,3 for €10,Clearance,no,8720181457388,https://www.mccormackspharmacy.ie/p/dove-advanced-care-nourishing-silk-body-wash-225ml/8720181457388,barcode,Dove Advanced Care Nourishing Silk Body Wash 225Ml,dove-advanced-care-nourishing-silk-body-wash-225ml,ACTIVE,3.99,,no,1,CONTINUE,no Sale tag
2-multibuy-or-gift,sale+clearance,,Bayliss & Harding Wild Lavender & Geranium Luxury Hand Wash 500Ml,,3.99,3 for €10,Clearance,no,017854120020,https://www.mccormackspharmacy.ie/p/bayliss-and-harding-wild-lavender-and-geranium-luxury-hand-wash-500ml/017854120020,barcode,Bayliss & Harding Wild Lavender & Geranium Luxury Hand Wash 500Ml,bayliss-harding-wild-lavender-geranium-luxury-hand-wash-500ml,ACTIVE,3.99,,no,1,CONTINUE,no Sale tag
2-multibuy-or-gift,sale+clearance,,Dove Advanced Care Reviving Pomegranate & Hibiscus Body Wash 225Ml,,3.99,3 for €10,Clearance,no,8720181460111,https://www.mccormackspharmacy.ie/p/dove-advanced-care-reviving-pomegranate-and-hibiscus-body-wash-225ml/8720181460111,barcode,Dove Advanced Care Reviving Pomegranate & Hibiscus Body Wash 225Ml,dove-advanced-care-reviving-pomegranate-hibiscus-body-wash-225ml,ACTIVE,3.99,,no,1,CONTINUE,no Sale tag
2-multibuy-or-gift,sale+clearance,,Carex The Original Dermacare Eco Refill 500Ml Hand Wash,,3.99,3 for €10,Clearance,no,5000101102479,https://www.mccormackspharmacy.ie/p/carex-the-original-dermacare-eco-refill-500ml-hand-wash/5000101102479,barcode,Carex The Original Dermacare Eco Refill 500Ml Hand Wash,carex-the-original-dermacare-eco-refill-500ml-hand-wash,ACTIVE,3.99,,no,1,CONTINUE,no Sale tag
2-multibuy-or-gift,sale,Mitchum,Roll-On Shwr Frsh 100Ml,,3.80,Buy One get one Half Price !,Sale,no,309975122091,https://www.mccormackspharmacy.ie/p/mitchum-roll-on-shwr-frsh-100ml/309975122091,barcode,Mitchum Roll-On Shwr Frsh 100Ml,mitchum-roll-on-shwr-frsh-100ml,ACTIVE,3.80,,no,1,CONTINUE,no Sale tag
2-multibuy-or-gift,sale+clearance,,Johnson's Soft & Pamper Body Wash 400Ml,,1.99,3 for €5,Clearance,no,3574661384665,https://www.mccormackspharmacy.ie/p/johnsons-soft-and-pamper-body-wash-400ml/3574661384665,barcode,Johnson's Soft & Pamper Body Wash 400Ml,johnson-s-soft-pamper-body-wash-400ml,ACTIVE,1.99,,no,1,CONTINUE,no Sale tag
2-multibuy-or-gift,sale+clearance,BioMiracle,Staysafe Hand Cleansing Towlettes 20Pk,,1.50,Buy 4 for €3 !,Sale,no,810004102118,https://www.mccormackspharmacy.ie/p/biomiracle-staysafe-hand-cleansing-towlettes-20pk/810004102118,barcode,Biomiracle Staysafe Hand Cleansing Towlettes 20Pk,biomiracle-staysafe-hand-cleansing-towlettes-20pk,ACTIVE,1.50,,no,1,CONTINUE,no Sale tag
3-likely-out-of-date,sale,,Burberry For Women (Original) 100Ml Edp Spray,92.00,45.00,WHILE STOCKS LAST!,Sale,yes,3614226905666,https://www.mccormackspharmacy.ie/p/burberry-for-women-original-100ml-edp-spray/3614226905666,barcode,Burberry For Women (Original) 100Ml Edp Spray,burberry-for-women-original-100ml-edp-spray,ACTIVE,45.00,,no,0,DENY,no compare-at on ours; no Sale tag; 0 stock on ours (off sale)
3-likely-out-of-date,sale,SVR,Biotic Collagen Bouncing Regenerating Cream 50Ml,51.00,35.70,While Stocks Last!,Sale,yes,3662361002719,https://www.mccormackspharmacy.ie/p/svr-biotic-collagen-bouncing-regenerating-cream-50ml/3662361002719,barcode,Svr Biotic Collagen Bouncing Regenerating Cream 50Ml,svr-biotic-collagen-bouncing-regenerating-cream-50ml,ACTIVE,35.70,,no,1,CONTINUE,no compare-at on ours; no Sale tag
3-likely-out-of-date,sale,Sosu,Mystery Box,100.00,34.99,Very Limited Quantities Available !,Sale,yes,SOSUMB1,https://www.mccormackspharmacy.ie/p/sosu-mystery-box/sosumb1,barcode,SoSu Mystery Box,sosu-mystery-box,ACTIVE,100.00,,no,0,DENY,price €34.99→€100.00; no compare-at on ours; no Sale tag; 0 stock on ours (off sale)
3-likely-out-of-date,sale,SVR,Sebiaclear Serum 30Ml,29.00,20.30,While Stocks Last!,Sale,yes,3662361000364,https://www.mccormackspharmacy.ie/p/svr-sebiaclear-serum-30ml-/3662361000364,barcode,Svr Sebiaclear Serum 30Ml,svr-sebiaclear-serum-30ml,ACTIVE,20.30,,no,1,CONTINUE,no compare-at on ours; no Sale tag
3-likely-out-of-date,sale,,Electric Picnic Bundle,26.99,19.99,,Sale,no,EPBundle,https://www.mccormackspharmacy.ie/p/electric-picnic-bundle/epbundle,barcode,Electric Picnic Bundle,electric-picnic-bundle,ACTIVE,19.99,,yes,0,DENY,no compare-at on ours; 0 stock on ours (off sale)
3-likely-out-of-date,sale,Piz Buin,Allergy Sun Sensitive Skin Lotion Spf 50+ 400Ml,32.00,15.99,50% Off Selected Suncreams !,Sale,no,3574661656755,https://www.mccormackspharmacy.ie/p/piz-buin-allergy-sun-sensitive-skin-lotion-spf-50-400ml/3574661656755,barcode,Piz Buin Allergy Sun Sensitive Skin Lotion SPF 50+ 400ml,piz-buin-allergy-sun-sensitive-skin-lotion-spf-50-400ml,ACTIVE,15.99,,no,0,DENY,no compare-at on ours; no Sale tag; 0 stock on ours (off sale)
3-likely-out-of-date,sale,Piz Buin,Allergy Sun Sensitive Skin Lotion Spf 30 400Ml,32.00,15.99,50% Off Selected Suncreams !,Sale,no,3574661467481,https://www.mccormackspharmacy.ie/p/piz-buin-allergy-sun-sensitive-skin-lotion-spf-30-400ml/3574661467481,barcode,Piz Buin Allergy Sun Sensitive Skin Lotion SPF 30 400ml,piz-buin-allergy-sun-sensitive-skin-lotion-spf-30-400ml,ACTIVE,15.99,,no,0,DENY,no compare-at on ours; no Sale tag; 0 stock on ours (off sale)
3-likely-out-of-date,sale,SVR,Sensifine Ar Anti Redness Creme 40Ml,21.00,14.70,While Stocks Last!,Sale,yes,3401360167872,https://www.mccormackspharmacy.ie/p/svr-sensifine-ar-anti-redness-creme-40ml/3401360167872,barcode,Svr Sensifine Ar Anti Redness Creme 40Ml,svr-sensifine-ar-anti-redness-creme-40ml,ACTIVE,14.70,,no,1,CONTINUE,no compare-at on ours; no Sale tag
3-likely-out-of-date,sale,SVR,Sensifine Ar Creme Riche 40Ml,21.00,14.70,While Stocks Last!,Sale,yes,3662361000081,https://www.mccormackspharmacy.ie/p/svr-sensifine-ar-creme-riche-40ml/3662361000081,barcode,Svr Sensifine Ar Creme Riche 40Ml,svr-sensifine-ar-creme-riche-40ml,ACTIVE,14.70,,no,1,CONTINUE,no compare-at on ours; no Sale tag
3-likely-out-of-date,sale,SVR,Topialyse Palpebral Cream 15Ml,20.00,14.00,While Stocks Last!,Sale,yes,3401060256340,https://www.mccormackspharmacy.ie/p/svr-topialyse-palpebral-cream-15ml/3401060256340,barcode,Svr Topialyse Palpebral Cream 15Ml,svr-topialyse-palpebral-cream-15ml,ACTIVE,14.00,,no,1,CONTINUE,no compare-at on ours; no Sale tag
3-likely-out-of-date,sale,Nivea,Sun Babies & Kids Sensitive Protect Spf 50+ Water Resistant Spray 200Ml,26.00,12.99,50% Off Selected Suncreams !,Sale,no,4005900600202,https://www.mccormackspharmacy.ie/p/nivea-sun-babies-and-kids-sensitive-protect-spf-50-water-resistant-spray-200ml/4005900600202,barcode,Nivea Sun Babies & Kids Sensitive Protect SPF 50+ Water Resistant Spray 200ml,nivea-sun-babies-kids-sensitive-protect-spf-50-water-resistant-spray-200ml,ACTIVE,12.99,,no,0,DENY,no compare-at on ours; no Sale tag; 0 stock on ours (off sale)
3-likely-out-of-date,sale,Nivea,Feel Heavenly Set,17.95,12.99,,Black Friday Sale,no,5025970014494,https://www.mccormackspharmacy.ie/p/nivea-feel-heavenly-set/5025970014494,barcode,Nivea Feel Heavenly Set,nivea-feel-heavenly-set,ACTIVE,12.99,,no,1,CONTINUE,no compare-at on ours; no Sale tag
3-likely-out-of-date,sale,Nivea,Sun Protect & Mositure Spf 20 Water Resistant Spray 200Ml,26.00,12.99,50% Off Selected Suncreams !,Sale,no,5025970022925,https://www.mccormackspharmacy.ie/p/nivea-sun-protect-and-mositure-spf-20-water-resistant-spray-200ml-/5025970022925,barcode,Nivea Sun Protect & Mositure SPF 20 Water Resistant Spray 200ml,nivea-sun-protect-mositure-spf-20-water-resistant-spray-200ml,ACTIVE,12.99,,no,0,DENY,no compare-at on ours; no Sale tag; 0 stock on ours (off sale)
3-likely-out-of-date,sale,Piz Buin,Tan & Protect Tan Intensifying Sun Spray Spf 30 150Ml,26.00,12.99,50% Off Selected Suncreams !,Sale,yes,3574661373584,https://www.mccormackspharmacy.ie/p/piz-buin-tan-and-protect-tan-intensifying-sun-spray-spf-30-150ml/3574661373584,barcode,Piz Buin Tan & Protect Tan Intensifying Sun Spray SPF 30 150ml,piz-buin-tan-protect-tan-intensifying-sun-spray-spf-30-150ml,ACTIVE,12.99,,no,0,DENY,no compare-at on ours; no Sale tag; 0 stock on ours (off sale)
3-likely-out-of-date,sale,Nivea,Sun Babies & Kids Sensitive Protect Spf 50+ Water Resistant Lotion 200Ml,24.00,11.99,50% Off Selected Suncreams !,Sale,no,4005900600172,https://www.mccormackspharmacy.ie/p/nivea-sun-babies-and-kids-sensitive-protect-spf-50-water-resistant-lotion-200ml/4005900600172,barcode,Nivea Sun Babies & Kids Sensitive Protect SPF 50+ Water Resistant Lotion 200ml,nivea-sun-babies-kids-sensitive-protect-spf-50-water-resistant-lotion-200ml,ACTIVE,11.99,,no,0,DENY,no compare-at on ours; no Sale tag; 0 stock on ours (off sale)
3-likely-out-of-date,sale,Nivea,Sun Protect & Mositure Spf 20 Water Resistant Lotion 200Ml,24.00,11.99,50% Off Selected Suncreams !,Sale,no,4005808407507,https://www.mccormackspharmacy.ie/p/nivea-sun-protect-and-mositure-spf-20-water-resistant-lotion-200ml-/4005808407507,barcode,Nivea Sun Protect & Mositure SPF 20 Water Resistant Lotion 200ml,nivea-sun-protect-mositure-spf-20-water-resistant-lotion-200ml,ACTIVE,11.99,,no,0,DENY,no compare-at on ours; no Sale tag; 0 stock on ours (off sale)
3-likely-out-of-date,sale,SVR,Sebiaclear Mat+Pores 40Ml,17.00,11.90,While Stocks Last!,Sale,yes,3662361002726,https://www.mccormackspharmacy.ie/p/svr-sebiaclear-matpores-40ml/3662361002726,barcode,Svr Sebiaclear Mat+Pores 40Ml,svr-sebiaclear-mat-pores-40ml,ACTIVE,11.90,,no,1,CONTINUE,no compare-at on ours; no Sale tag
3-likely-out-of-date,sale,Wartner,Wart & Verruca Cryo Freeze Pen,22.99,10.99,Limited Availability !,Sale,yes,5410765003058,https://www.mccormackspharmacy.ie/p/wartner-wart-and-verruca-cryo-freeze-pen/5410765003058,barcode,Wartner Wart & Verruca Cryo Freeze Pen,wartner-wart-verruca-cryo-freeze-pen,ACTIVE,10.99,,no,0,DENY,no compare-at on ours; no Sale tag; 0 stock on ours (off sale)
3-likely-out-of-date,sale,Piz Buin,Allergy Sun Sensitive Skin Lotion Spf 50+ 200Ml,21.00,10.50,50% Off Selected Suncreams !,Sale,no,3574661467153,https://www.mccormackspharmacy.ie/p/piz-buin-allergy-sun-sensitive-skin-lotion-spf-50-200ml/3574661467153,barcode,Piz Buin Allergy Sun Sensitive Skin Lotion SPF 50+ 200ml,piz-buin-allergy-sun-sensitive-skin-lotion-spf-50-200ml,ACTIVE,10.50,,no,0,DENY,no compare-at on ours; no Sale tag; 0 stock on ours (off sale)
3-likely-out-of-date,sale,Piz Buin,Allergy Sun Sensitive Skin Lotion Spf 30 200Ml,21.00,10.50,50% Off Selected Suncreams !,Sale,yes,3574661465043,https://www.mccormackspharmacy.ie/p/piz-buin-allergy-sun-sensitive-skin-lotion-spf-30-200ml/3574661465043,barcode,Piz Buin Allergy Sun Sensitive Skin Lotion SPF 30 200ml,piz-buin-allergy-sun-sensitive-skin-lotion-spf-30-200ml,ACTIVE,10.50,,no,0,DENY,no compare-at on ours; no Sale tag; 0 stock on ours (off sale)
3-likely-out-of-date,sale,Nivea,Men Feeling Protected Gift Set,12.99,8.99,,Black Friday Sale,no,025970014791,https://www.mccormackspharmacy.ie/p/nivea-men-feeling-protected-gift-set-/025970014791,barcode,Nivea Men Feeling Protected Gift Set,nivea-men-feeling-protected-gift-set,ACTIVE,8.99,,no,1,CONTINUE,no compare-at on ours; no Sale tag
3-likely-out-of-date,sale,Piz Buin,After Sun Tan Intensifying Moisturising Lotion 200Ml,16.00,7.99,50% Off Selected Suncreams !,Sale,no,3574661551067,https://www.mccormackspharmacy.ie/p/piz-buin-after-sun-tan-intensifying-moisturising-lotion-200ml-/3574661551067,barcode,Piz Buin After Sun Tan Intensifying Moisturising Lotion 200ml,piz-buin-after-sun-tan-intensifying-moisturising-lotion-200ml,ACTIVE,7.99,,no,0,DENY,no compare-at on ours; no Sale tag; 0 stock on ours (off sale)
3-likely-out-of-date,sale+clearance,,"Bayliss & Harding Vetiver, Cedar & Lemongrass Luxury Hand Wash 500Ml",,3.99,3 for €10,Clearance,yes,017854120013,https://www.mccormackspharmacy.ie/p/bayliss-and-harding-vetiver-cedar-and-lemongrass-luxury-hand-wash-500ml/017854120013,barcode,"Bayliss & Harding Vetiver, Cedar & Lemongrass Luxury Hand Wash 500Ml",bayliss-harding-vetiver-cedar-lemongrass-luxury-hand-wash-500ml,ACTIVE,3.99,,no,1,CONTINUE,no Sale tag
3-likely-out-of-date,sale+clearance,,"Bayliss & Harding Peony, Lychee & Vanilla Luxury Hand Wash 500Ml",,3.99,3 for €10,Clearance,yes,017854120037,https://www.mccormackspharmacy.ie/p/bayliss-and-harding-peony-lychee-and-vanilla-luxury-hand-wash-500ml/017854120037,barcode,"Bayliss & Harding Peony, Lychee & Vanilla Luxury Hand Wash 500Ml",bayliss-harding-peony-lychee-vanilla-luxury-hand-wash-500ml,ACTIVE,3.99,,no,1,CONTINUE,no Sale tag
3-likely-out-of-date,sale+clearance,,Bayliss & Harding Jasmine & Apple Blossom Luxury Hand Wash 500Ml,,3.99,3 for €10,Clearance,yes,017854064836,https://www.mccormackspharmacy.ie/p/bayliss-and-harding-jasmine-and-apple-blossom-luxury-hand-wash-500ml/017854064836,barcode,Bayliss & Harding Jasmine & Apple Blossom Luxury Hand Wash 500Ml,bayliss-harding-jasmine-apple-blossom-luxury-hand-wash-500ml,ACTIVE,3.99,,no,1,CONTINUE,no Sale tag
3-likely-out-of-date,sale+clearance,,Dove Advanced Care Gentle Scrub Body Wash 225Ml,,3.99,3 for €10,Clearance,yes,8720181462863,https://www.mccormackspharmacy.ie/p/dove-advanced-care-gentle-scrub-body-wash-225ml/8720181462863,barcode,Dove Advanced Care Gentle Scrub Body Wash 225Ml,dove-advanced-care-gentle-scrub-body-wash-225ml,ACTIVE,3.99,,no,1,CONTINUE,no Sale tag
3-likely-out-of-date,sale+clearance,,Johnson's Soft & Nourish Body Wash 400Ml,,1.99,3 for €5,Sale,yes,3574661384627,https://www.mccormackspharmacy.ie/p/johnsons-soft-and-nourish-body-wash-400ml/3574661384627,barcode,Johnson's Soft & Nourish Body Wash 400Ml,johnson-s-soft-nourish-body-wash-400ml,ACTIVE,1.99,,no,1,CONTINUE,no Sale tag
3-likely-out-of-date,sale+clearance,,Johnson's Soft & Energise Body Wash 400Ml,,1.99,3 for €5,Sale,yes,3574661384580,https://www.mccormackspharmacy.ie/p/johnsons-soft-and-energise-body-wash-400ml/3574661384580,barcode,Johnson's Soft & Energise Body Wash 400Ml,johnson-s-soft-energise-body-wash-400ml,ACTIVE,1.99,,no,1,CONTINUE,no Sale tag
3-likely-out-of-date,sale+clearance,,Palmolive Naturals Milk & Honey Hand Wash 300Ml,,1.99,3 for €5,Clearance,yes,8003520013026,https://www.mccormackspharmacy.ie/p/palmolive-naturals-milk-and-honey-hand-wash-300ml/8003520013026,barcode,Palmolive Naturals Milk & Honey Hand Wash 300Ml,palmolive-naturals-milk-honey-hand-wash-300ml,ACTIVE,1.99,,no,1,CONTINUE,no Sale tag
4-label-only-no-was-price,clearance,Nivea,Feel Ultimate Bumper Gift Pack,,34.95,,New,no,5025970014845,https://www.mccormackspharmacy.ie/p/feel-ultimate-bumper-gift-pack/5025970014845,barcode,Feel Ultimate Bumper Gift Pack,feel-ultimate-bumper-gift-pack,ACTIVE,34.95,,no,1,CONTINUE,no Sale tag
4-label-only-no-was-price,clearance,Jenny Glow,2 Piece Mens Set Bad Guy,,22.99,,,no,6294015192230,https://www.mccormackspharmacy.ie/p/2-piece-mens-set-bad-guy/6294015192230,barcode,2 Piece Mens Set Bad Guy,2-piece-mens-set-bad-guy,ACTIVE,22.99,,no,1,CONTINUE,no Sale tag
4-label-only-no-was-price,clearance,,Jakemans Cherry Soothing Menthol Lozenges 73G,,1.99,,Clearance,no,503104005149,https://www.mccormackspharmacy.ie/p/jakemans-cherry-soothing-menthol-lozenges-73g/503104005149,barcode,Jakemans Cherry Soothing Menthol Lozenges 73G,jakemans-cherry-soothing-menthol-lozenges-73g,ACTIVE,1.99,,no,1,CONTINUE,no Sale tag
