set,tag_to_add,product_id,handle,title,status,tags_now
painkillers,questionnaire-painkillers,gid://shopify/Product/15671403643211,alka-seltzer-10pk-lemon,Alka Seltzer 10Pk Lemon,ACTIVE,"Acid Indigestion & Reflux, Alka Seltzer, Nausea, pharmacist-review, Pharmacy > Stomach & Digestion, questionnaire-none"
painkillers,questionnaire-painkillers,gid://shopify/Product/15671292363083,alka-seltzer-20pk-lemon,Alka Seltzer 20Pk Lemon,ACTIVE,"Alka Seltzer, pharmacist-review, Pharmacy > Pain Relief, questionnaire-none"
painkillers,questionnaire-painkillers,gid://shopify/Product/15671386997067,anadin-maximum-strength-caps-12pk,Anadin Maximum Strength Caps 12Pk,ACTIVE,"Anadin, pharmacist-review, Pharmacy > Pain Relief, questionnaire-none"
painkillers,questionnaire-painkillers,gid://shopify/Product/15671326081355,anadin-tabs-12pk,Anadin Tabs 12Pk,ACTIVE,"Anadin, pharmacist-review, Pharmacy > Pain Relief, questionnaire-none"
painkillers,questionnaire-painkillers,gid://shopify/Product/15671383916875,anadin-tabs-24pk,Anadin Tabs 24Pk,ACTIVE,"Anadin, pharmacist-review, Pharmacy > Pain Relief, questionnaire-none"
painkillers,questionnaire-painkillers,gid://shopify/Product/15671331619147,brupro-ibuprofen-200mg-tabs-24pk,Brupro Ibuprofen 200Mg Tabs 24Pk,ACTIVE,"Brupo, pharmacist-review, Pharmacy > Pain Relief, questionnaire-none"
painkillers,questionnaire-painkillers,gid://shopify/Product/15671390142795,brupro-ibuprofen-200mg-tabs-48pk,Brupro Ibuprofen 200Mg Tabs 48Pk,ACTIVE,"Brupo, pharmacist-review, Pharmacy > Pain Relief, questionnaire-none"
painkillers,questionnaire-painkillers,gid://shopify/Product/15671388602699,brupro-max-ibuprofen-400mg-tabs-12pk,Brupro Max Ibuprofen 400Mg Tabs 12Pk,ACTIVE,"Brupo, pharmacist-review, Pharmacy > Pain Relief, questionnaire-none"
painkillers,questionnaire-painkillers,gid://shopify/Product/15671349182795,buplex-ibuprofen-200mg-tabs-12pk,Buplex Ibuprofen 200Mg Tabs 12Pk,ACTIVE,"Buplex, pharmacist-review, Pharmacy > Pain Relief, questionnaire-none"
painkillers,questionnaire-painkillers,gid://shopify/Product/15671310844235,buplex-ibuprofen-400mg-tabs-12pk,Buplex Ibuprofen 400Mg Tabs 12Pk,ACTIVE,"Buplex, pharmacist-review, Pharmacy > Pain Relief, questionnaire-none"
painkillers,questionnaire-painkillers,gid://shopify/Product/15671408951627,buplex-ibuprofen-400mg-tabs-24pk,Buplex Ibuprofen 400Mg Tabs 24Pk,ACTIVE,"Buplex, pharmacist-review, Pharmacy > First Aid, questionnaire-none"
painkillers,questionnaire-painkillers,gid://shopify/Product/16024785387851,calpol-6-fastmelts-12pk,Calpol 6+ Fastmelts 12Pk,ACTIVE,"Children's Medicine, pharmacist-review, Pharmacy, questionnaire-none"
painkillers,questionnaire-painkillers,gid://shopify/Product/15671285449035,calpol-6-sf-140ml-s-berry-susp,Calpol 6+ Sf 140Ml S/Berry Susp,ACTIVE,"Baby & Children Pain Relief, Calpol, pharmacist-review, Pharmacy > Children's Medicine, questionnaire-none"
painkillers,questionnaire-painkillers,gid://shopify/Product/15671285383499,calpol-6-sf-60ml-s-berry-susp,Calpol 6+ Sf 60Ml S/Berry Susp,ACTIVE,"Baby & Children Pain Relief, Calpol, pharmacist-review, Pharmacy > Children's Medicine, questionnaire-none"
painkillers,questionnaire-painkillers,gid://shopify/Product/15671352262987,calpol-infant-140ml-spoon-syringe-strawberry-susp,Calpol Infant 140Ml Spoon/ Syringe Strawberry Susp,ACTIVE,"Baby & Children Pain Relief, Calpol, pharmacist-review, Pharmacy > Children's Medicine, questionnaire-none"
painkillers,questionnaire-painkillers,gid://shopify/Product/16024785518923,calpol-infant-sf-140ml-spoon-syringe-s-berry-susp,Calpol Infant Sf 140Ml Spoon Syringe S/Berry Susp,ACTIVE,"Baby & Children Pain Relief, Children's Medicine, pharmacist-review, Pharmacy, questionnaire-none"
painkillers,questionnaire-painkillers,gid://shopify/Product/15671331225931,calpol-infant-syringe-60ml-strawberry-susp,Calpol Infant Syringe 60Ml Strawberry Susp,ACTIVE,"Baby & Children Pain Relief, Calpol, pharmacist-review, Pharmacy > Children's Medicine, questionnaire-none"
painkillers,questionnaire-painkillers,gid://shopify/Product/15671270605131,disprin-extra-strength-tablets-16pk,Disprin Extra Strength Tablets 16Pk,ACTIVE,"Disprin, pharmacist-review, Pharmacy > Pain Relief, questionnaire-none"
painkillers,questionnaire-painkillers,gid://shopify/Product/15671335485771,disprin-tablets-12pk,Disprin Tablets 12Pk,ACTIVE,"Disprin, pharmacist-review, Pharmacy > Pain Relief, questionnaire-none"
painkillers,questionnaire-painkillers,gid://shopify/Product/15671279190347,easofen-child-3m-100ml-strawberry,Easofen Child 3M+ 100Ml Strawberry,ACTIVE,"Baby & Children Pain Relief, Easofen, pharmacist-review, Pharmacy > Children's Medicine, questionnaire-none"
painkillers,questionnaire-painkillers,gid://shopify/Product/15671366189387,easofen-child-3m-200ml-strawberry,Easofen Child 3M+ 200Ml Strawberry,ACTIVE,"Baby & Children Pain Relief, Easofen, pharmacist-review, Pharmacy > Children's Medicine, questionnaire-none"
painkillers,questionnaire-painkillers,gid://shopify/Product/15671359242571,easofen-child-6y-100ml-strawberry,Easofen Child 6Y+ 100Ml Strawberry,ACTIVE,"Baby & Children Pain Relief, Easofen, pharmacist-review, Pharmacy > Children's Medicine, questionnaire-none"
painkillers,questionnaire-painkillers,gid://shopify/Product/15671321395531,easofen-child-6y-200ml-strawberry,Easofen Child 6Y+ 200Ml Strawberry,ACTIVE,"Baby & Children Pain Relief, Easofen, pharmacist-review, Pharmacy > Children's Medicine, questionnaire-none"
painkillers,questionnaire-painkillers,gid://shopify/Product/15671301800267,easofen-ibuprofen-200mg-12pk,Easofen Ibuprofen 200Mg 12Pk,ACTIVE,"Easofen, pharmacist-review, Pharmacy > Pain Relief, questionnaire-none"
painkillers,questionnaire-painkillers,gid://shopify/Product/15671358193995,easofen-ibuprofen-200mg-24pk,Easofen Ibuprofen 200Mg 24Pk,ACTIVE,"Easofen, pharmacist-review, Pharmacy > Pain Relief, questionnaire-none"
painkillers,questionnaire-painkillers,gid://shopify/Product/15671305339211,easofen-max-400mg-ibuprofen-24pk,Easofen Max 400Mg Ibuprofen 24Pk,ACTIVE,"Easofen, pharmacist-review, Pharmacy > Pain Relief, questionnaire-none"
painkillers,questionnaire-painkillers,gid://shopify/Product/15671394763083,easolief-duo-500-150mg-tabs-paracetamol-ibuprofen,Easolief Duo 500/150Mg Tabs Paracetamol/Ibuprofen,ACTIVE,"Easolief, pharmacist-review, Pharmacy > Pain Relief, questionnaire-none"
painkillers,questionnaire-painkillers,gid://shopify/Product/15671382475083,excedrin-tablets-20pk,Excedrin Tablets 20Pk,ACTIVE,"Excedrin, pharmacist-review, Pharmacy > Pain Relief, questionnaire-none"
painkillers,questionnaire-painkillers,gid://shopify/Product/15671391519051,nurofen-child-6-200ml-spn-orange,Nurofen Child 6+ 200Ml Spn Orange,ACTIVE,"Baby & Children Pain Relief, Nurofen, pharmacist-review, Pharmacy > Children's Medicine, questionnaire-none"
painkillers,questionnaire-painkillers,gid://shopify/Product/15671396499787,nurofen-child-6-200ml-spn-strawberry,Nurofen Child 6+ 200Ml Spn Strawberry,ACTIVE,"Baby & Children Pain Relief, Nurofen, pharmacist-review, Pharmacy > Children's Medicine, questionnaire-none"
painkillers,questionnaire-painkillers,gid://shopify/Product/15671399153995,nurofen-child-7-soft-chewable-caps-12pk-orange,Nurofen Child 7+ Soft Chewable Caps 12Pk Orange,ACTIVE,"Baby & Children Pain Relief, Nurofen, pharmacist-review, Pharmacy > Children's Medicine, questionnaire-none"
painkillers,questionnaire-painkillers,gid://shopify/Product/15671330177355,nurofen-child-oral-susp-3-orange-w-spoon-100m,Nurofen Child Oral Susp 3+ Orange W/ Spoon 100M,ACTIVE,"Baby & Children Pain Relief, Nurofen, pharmacist-review, Pharmacy > Children's Medicine, questionnaire-none"
painkillers,questionnaire-painkillers,gid://shopify/Product/15671327261003,nurofen-child-oral-suspension-orange-w-syringe-150ml,Nurofen Child Oral Suspension Orange W/ Syringe 150Ml,ACTIVE,"Baby & Children Pain Relief, Nurofen, pharmacist-review, Pharmacy > Children's Medicine, questionnaire-none"
painkillers,questionnaire-painkillers,gid://shopify/Product/15671324934475,nurofen-child-oral-suspension-strawberry-w-syringe-150ml,Nurofen Child Oral Suspension Strawberry W/ Syringe 150Ml,ACTIVE,"Baby & Children Pain Relief, Nurofen, pharmacist-review, Pharmacy > Children's Medicine, questionnaire-none"
painkillers,questionnaire-painkillers,gid://shopify/Product/15671358947659,nurofen-child-orange-oral-suspension-w-spoon-200ml,Nurofen Child Orange Oral Suspension W/Spoon 200Ml,ACTIVE,"Baby & Children Pain Relief, Nurofen, pharmacist-review, Pharmacy > Children's Medicine, questionnaire-none"
painkillers,questionnaire-painkillers,gid://shopify/Product/15671349936459,nurofen-child-six-plus-orange-200mg-5ml-oral-suspension-100ml,Nurofen Child Six Plus Orange 200Mg/5Ml Oral Suspension 100Ml,ACTIVE,"Baby & Children Pain Relief, Nurofen, pharmacist-review, Pharmacy > Children's Medicine, questionnaire-none"
painkillers,questionnaire-painkillers,gid://shopify/Product/15671404069195,nurofen-child-strawberry-oral-suspension-w-spoon-200ml,Nurofen Child Strawberry Oral Suspension W/Spoon 200Ml,ACTIVE,"Baby & Children Pain Relief, Nurofen, pharmacist-review, Pharmacy > Children's Medicine, questionnaire-none"
painkillers,questionnaire-painkillers,gid://shopify/Product/15671285023051,nurofen-child-suppositories-60mg-10pk,Nurofen Child Suppositories 60Mg 10Pk,ACTIVE,"Baby & Children Pain Relief, Nurofen, pharmacist-review, Pharmacy > Children's Medicine, questionnaire-none"
painkillers,questionnaire-painkillers,gid://shopify/Product/15671302259019,nurofen-express-400mg-maximum-strength-12p,Nurofen Express 400Mg Maximum Strength 12P,ACTIVE,"Nurofen, pharmacist-review, Pharmacy > Pain Relief, questionnaire-none"
painkillers,questionnaire-painkillers,gid://shopify/Product/15671375102283,nurofen-express-400mg-maximum-strength-tablet-24p,Nurofen Express 400Mg Maximum Strength Tablet 24P,ACTIVE,"Nurofen, pharmacist-review, Pharmacy > Pain Relief, questionnaire-none"
painkillers,questionnaire-painkillers,gid://shopify/Product/15671347904843,nurofen-rapid-relief-max-400mg-liquid-caps-20pk,Nurofen Rapid Relief Max 400Mg Liquid Caps 20Pk,ACTIVE,"Nurofen, pharmacist-review, Pharmacy > Pain Relief, questionnaire-none"
painkillers,questionnaire-painkillers,gid://shopify/Product/15671335158091,nurofen-tablets-12pk,Nurofen Tablets 12Pk,ACTIVE,"Nurofen, pharmacist-review, Pharmacy > Pain Relief, questionnaire-none"
painkillers,questionnaire-painkillers,gid://shopify/Product/15671405117771,nurofen-tablets-24pk,Nurofen Tablets 24Pk,ACTIVE,"Nurofen, pharmacist-review, Pharmacy > Pain Relief, questionnaire-none"
painkillers,questionnaire-painkillers,gid://shopify/Product/15671356522827,nurofen-tablets-48pk,Nurofen Tablets 48Pk,ACTIVE,"Nurofen, pharmacist-review, Pharmacy > Pain Relief, questionnaire-none"
painkillers,questionnaire-painkillers,gid://shopify/Product/15671276339531,panadol-actifast-20pk,Panadol Actifast 20Pk,ACTIVE,"Panadol, pharmacist-review, Pharmacy > Pain Relief, questionnaire-none"
painkillers,questionnaire-painkillers,gid://shopify/Product/15671384047947,panadol-actifast-soluble-12pk,Panadol Actifast Soluble 12Pk,ACTIVE,"Panadol, pharmacist-review, Pharmacy > Pain Relief, questionnaire-none"
painkillers,questionnaire-painkillers,gid://shopify/Product/15671299309899,panadol-baby-infant-susp-paracetamol-100ml,Panadol Baby & Infant Susp Paracetamol 100Ml,ACTIVE,"Baby & Children Pain Relief, Panadol, pharmacist-review, Pharmacy > Children's Medicine, questionnaire-none"
painkillers,questionnaire-painkillers,gid://shopify/Product/15671424713035,panadol-ets-tabs-12pk,Panadol Ets Tabs 12Pk,ACTIVE,"Panadol, pharmacist-review, Pharmacy > Pain Relief, questionnaire-none"
painkillers,questionnaire-painkillers,gid://shopify/Product/15671325622603,panadol-ets-tabs-24pk,Panadol Ets Tabs 24Pk,ACTIVE,"Panadol, pharmacist-review, Pharmacy > Pain Relief, questionnaire-none"
painkillers,questionnaire-painkillers,gid://shopify/Product/15671418749259,panadol-extra-12pk,Panadol Extra 12Pk,ACTIVE,"Panadol, pharmacist-review, Pharmacy > Pain Relief, questionnaire-none"
painkillers,questionnaire-painkillers,gid://shopify/Product/15671333192011,panadol-extra-24pk,Panadol Extra 24Pk,ACTIVE,"Panadol, pharmacist-review, Pharmacy > Pain Relief, questionnaire-none"
painkillers,questionnaire-painkillers,gid://shopify/Product/15671407411531,panadol-extra-soluble-24pk,Panadol Extra Soluble 24Pk,ACTIVE,"Panadol, pharmacist-review, Pharmacy > Pain Relief, questionnaire-none"
painkillers,questionnaire-painkillers,gid://shopify/Product/15671380541771,paralief-paracetamol-24pk-blue-clonmel,Paralief Paracetamol 500mg Tablets 24Pk,ACTIVE,"Paralief, pharmacist-review, Pharmacy > Pain Relief, questionnaire-none"
painkillers,questionnaire-painkillers,gid://shopify/Product/15671271981387,paralink-180mg-supp-10pk,Paralink 180Mg Supp 10Pk,ACTIVE,"Baby & Children Pain Relief, Paralink, pharmacist-review, Pharmacy > Children's Medicine, questionnaire-none"
painkillers,questionnaire-painkillers,gid://shopify/Product/15671424057675,paralink-500mg-supp-10pk,Paralink 500Mg Supp 10Pk,ACTIVE,"Baby & Children Pain Relief, Paralink, pharmacist-review, Pharmacy > Children's Medicine, questionnaire-none"
painkillers,questionnaire-painkillers,gid://shopify/Product/15671351312715,paralink-susp-100ml,Paralink Susp 100Ml,ACTIVE,"Baby & Children Pain Relief, Paralink, pharmacist-review, Pharmacy > Children's Medicine, questionnaire-none"
painkillers,questionnaire-painkillers,gid://shopify/Product/15671410229579,tefin-150mg-ibuprofen-suppositories,Tefin 150Mg Ibuprofen Suppositories,ACTIVE,"Baby & Children Pain Relief, pharmacist-review, Pharmacy > Children's Medicine, questionnaire-none, Tefin"
painkillers,questionnaire-painkillers,gid://shopify/Product/15671426482507,tefin-75mg-ibuprofen-suppositories,Tefin 75Mg Ibuprofen Suppositories,DRAFT,"Baby & Children Pain Relief, pharmacist-review, Pharmacy > Children's Medicine, questionnaire-none, Tefin"
ppi,questionnaire-ppi,gid://shopify/Product/15671311991115,losec-control-20mg-gr-tabs-14pk,Losec Control 20Mg Gr Tabs 14Pk,ACTIVE,"Acid Indigestion & Reflux, Losec, Nausea, pharmacist-review, Pharmacy > Stomach & Digestion, questionnaire-none"
ppi,questionnaire-ppi,gid://shopify/Product/15671306289483,nexium-control-capsules-14pk,Nexium Control Capsules 14Pk,ACTIVE,"Acid Indigestion & Reflux, Nausea, Nexium, pharmacist-review, Pharmacy > Stomach & Digestion, questionnaire-none"
ppi,questionnaire-ppi,gid://shopify/Product/15671389290827,nexium-control-tabs-14pk,Nexium Control Tabs 14Pk,ACTIVE,"Acid Indigestion & Reflux, Nausea, Nexium, pharmacist-review, Pharmacy > Stomach & Digestion, questionnaire-none"
ppi,questionnaire-ppi,gid://shopify/Product/15671284728139,nexium-control-tabs-7pk,Nexium Control Tabs 7Pk,ACTIVE,"Acid Indigestion & Reflux, Nausea, Nexium, pharmacist-review, Pharmacy > Stomach & Digestion, questionnaire-none"
sumatriptan,questionnaire-sumatriptan,gid://shopify/Product/15671335092555,sumatran-relief-50mg-2pk,Sumatran Relief 50Mg 2Pk,ACTIVE,"pharmacist-review, Pharmacy > Pain Relief, questionnaire-none, Sumatran"
domperidone,questionnaire-domperidone,gid://shopify/Product/15671309304139,motilium-tabs-10pk,Motilium Tabs 10Pk,ACTIVE,"Acid Indigestion & Reflux, Motilium, Nausea, pharmacist-review, Pharmacy > Stomach & Digestion, questionnaire-none"
domperidone,questionnaire-domperidone,gid://shopify/Product/15671322542411,motilium-fastmelts-10pk,Motilium Fastmelts 10Pk,ACTIVE,"Acid Indigestion & Reflux, Motilium, Nausea, pharmacist-review, Pharmacy > Stomach & Digestion, questionnaire-none"
thrush,questionnaire-thrush,gid://shopify/Product/16024785486155,canesten-combi-500mg-gel-pessary-2-cream-10g,Canesten Combi 500Mg Gel Pessary & 2% Cream 10G,ACTIVE,"pharmacist-review, Pharmacy, questionnaire-none, Thrush & Antifungal, Women's Health"
thrush,questionnaire-thrush,gid://shopify/Product/15671278567755,canesten-2-thrush-cream-20g,Canesten 2% Thrush Cream 20G,ACTIVE,"Canesten, pharmacist-review, Pharmacy > Women's Health, questionnaire-none, Thrush & Antifungal"
thrush,questionnaire-thrush,gid://shopify/Product/15671285645643,canesten-pessary-500mg-1pk,Canesten Pessary 500Mg 1Pk,ACTIVE,"Canesten, pharmacist-review, Pharmacy > Women's Health, questionnaire-none, Thrush & Antifungal"
nasal-steroid,questionnaire-nasal-steroid,gid://shopify/Product/15671305142603,beconase-hayfever-100-dose,Beconase Hayfever 100 Dose,ACTIVE,"Beconase, pharmacist-review, Pharmacy > Allergy Relief, questionnaire-none"
nasal-steroid,questionnaire-nasal-steroid,gid://shopify/Product/15671325196619,nasacort-allergy-nasal-spray,Nasacort Allergy Nasal Spray,ACTIVE,"Nasacort, pharmacist-review, Pharmacy > Allergy Relief, questionnaire-none"
anusol-hc,questionnaire-anusol-hc,gid://shopify/Product/15671271817547,anusol-hc-suppositories-12pk,Anusol Hc Suppositories 12Pk,ACTIVE,"Anusol, Haemorrhoids & Piles, pharmacist-review, Pharmacy > Pain Relief, questionnaire-none"
gaviscon-infant,questionnaire-gaviscon-infant,gid://shopify/Product/15671353147723,gaviscon-infant-sachets-15pk-30-doses,Gaviscon Infant Sachets 15Pk (30 Doses),ACTIVE,"Gaviscon, pharmacist-review, Pharmacy > Children's Medicine, questionnaire-none"
vermox,questionnaire-vermox,gid://shopify/Product/15671321755979,vermox-tabs-6pk,Vermox Tabs 6Pk,ACTIVE,"pharmacist-review, Pharmacy > Sensitive Conditions, questionnaire-none, Vermox"
vermox,questionnaire-vermox,gid://shopify/Product/15671423893835,vermox-100mg-5ml-oral-suspension-30ml,Vermox 100Mg/5Ml Oral Suspension 30Ml,ACTIVE,"pharmacist-review, Pharmacy > Sensitive Conditions, questionnaire-none, Vermox"
sedating-antihistamine,questionnaire-sedating-antihistamine,gid://shopify/Product/15671391748427,phenergan-elixir-100ml,Phenergan Elixir 100Ml,ACTIVE,"pharmacist-review, Pharmacy > Allergy Relief, Phenergan, questionnaire-none"
sedating-antihistamine,questionnaire-sedating-antihistamine,gid://shopify/Product/15671261528395,night-nurse-caps-10pk-gsk,Night Nurse Caps 10Pk Gsk,ACTIVE,"Cold & Flu Combination Products, Night Nurse, pharmacist-review, Pharmacy > Cold & Flu, questionnaire-none"
sedating-antihistamine,questionnaire-sedating-antihistamine,gid://shopify/Product/15671376281931,panadol-night-20pk,Panadol Night 20Pk,ACTIVE,"Healthy Mind & Sleeping Aids, Panadol, pharmacist-review, Pharmacy > Sensitive Conditions, questionnaire-none, Sleep & Rest"
