product_id,handle,title,status,tags_before,tag_added
gid://shopify/Product/15671254024523,dioralyte-diorahydrate-with-electrolytes-blackcurrant-20-effervescent-tablets,Dioralyte Diorahydrate With Electrolytes Blackcurrant 20 Effervescent Tablets,ACTIVE,"Diarrhoea, Dioralyte, pharmacist-review, Pharmacy",questionnaire-none
gid://shopify/Product/15671255073099,optrex-actimist-10ml-eye-spray-2n1-dry-irritated,Optrex Actimist 10Ml Eye Spray 2N1 Dry & Irritated,ACTIVE,"Dry Eye, Optrex, pharmacist-review, Pharmacy > Eye & Ear Care",questionnaire-none
gid://shopify/Product/15671255630155,anbesol-liquid-10ml,Anbesol Liquid 10Ml,ACTIVE,"Anbesol, pharmacist-review, Pharmacy > Oral Health",questionnaire-none
gid://shopify/Product/15671255826763,nicorette-freshmint-2mg-30pk,Nicorette Freshmint 2Mg 30Pk,ACTIVE,"Nicorette, pharmacist-review, Pharmacy > Nicotine Replacement",questionnaire-none
gid://shopify/Product/15671256088907,optrex-soothing-eye-drops-for-itchy-eyes-10ml,Optrex Soothing Eye Drops For Itchy Eyes 10Ml,ACTIVE,"Dry Eye, Optrex, pharmacist-review, Pharmacy > Eye & Ear Care",questionnaire-none
gid://shopify/Product/15671256547659,hayfever-heroes-bundle,Hayfever Heroes Bundle,ACTIVE,"Cetrine, pharmacist-review, Pharmacy > Allergy Relief",questionnaire-none
gid://shopify/Product/15671257301323,savlon-antiseptic-cream-60g,Savlon Antiseptic Cream 60G,ACTIVE,"Antiseptics & Wound Cleaning, pharmacist-review, Pharmacy > First Aid, Savlon",questionnaire-none
gid://shopify/Product/15671257825611,dettol-antiseptic-liquid-750ml,Dettol Antiseptic Liquid 750Ml,ACTIVE,"Antiseptics & Wound Cleaning, Dettol, pharmacist-review, Toiletries > Bath & Shower",questionnaire-none
gid://shopify/Product/15671259726155,regaine-men-foam-5-3pk,Regaine Men Foam 5% 3Pk,ACTIVE,"Hair Loss, pharmacist-review, Regaine, Sale, Toiletries > Men's Grooming",questionnaire-none
gid://shopify/Product/15671259824459,dulcolax-supp-10mg-adult-12pk,Dulcolax Supp 10Mg Adult 12Pk,ACTIVE,"Constipation, Dulcolax, pharmacist-review, Pharmacy > Stomach & Digestion",questionnaire-none
gid://shopify/Product/15671259955531,lemsip-max-strength-hot-lemon-5pk,Lemsip Max Strength Hot Lemon 5Pk,ACTIVE,"Cold & Flu Combination Products, Lemsip, pharmacist-review, Pharmacy > Cold & Flu",questionnaire-none
gid://shopify/Product/15671261528395,night-nurse-caps-10pk-gsk,Night Nurse Caps 10Pk Gsk,ACTIVE,"Cold & Flu Combination Products, Night Nurse, pharmacist-review, Pharmacy > Cold & Flu",questionnaire-none
gid://shopify/Product/15671261725003,otrivine-adult-nasal-spray-10ml,Otrivine Adult Nasal Spray 10Ml,ACTIVE,"Blocked Nose & Sinus, Otrivine, pharmacist-review, Pharmacy > Cold & Flu",questionnaire-none
gid://shopify/Product/15671262773579,benylin-125ml-chesty-cough-n-d,Benylin 125Ml Chesty Cough N/D,ACTIVE,"Benylin, Cough, pharmacist-review, Pharmacy > Cold & Flu",questionnaire-none
gid://shopify/Product/15671263625547,buttercup-broncho-stop-cough-syrup-120ml,Buttercup Broncho Stop Cough Syrup 120Ml,ACTIVE,"Bronchostop, Cough, pharmacist-review, Pharmacy > Cold & Flu",questionnaire-none
gid://shopify/Product/15671263887691,tropex-5-ear-drops-10ml,Tropex 5% Ear Drops 10Ml,ACTIVE,"Ear Wax Treatments, pharmacist-review, Pharmacy > Eye & Ear Care, Tropex",questionnaire-none
gid://shopify/Product/15671265526091,ilvico-tabs-20pk,Ilvico Tabs 20Pk,ACTIVE,"Cold & Flu Combination Products, Ilvico, pharmacist-review, Pharmacy > Cold & Flu",questionnaire-none
gid://shopify/Product/15671265919307,gaviscon-peppermint-liquid-600ml,Gaviscon Peppermint Liquid 600Ml,ACTIVE,"Acid Indigestion & Reflux, Gaviscon, Nausea, pharmacist-review, Pharmacy > Stomach & Digestion",questionnaire-none
gid://shopify/Product/15671267590475,fleaway-plus-x-large-dog,Fleaway Plus X-Large Dog,ACTIVE,"Fleaway Plus, pharmacist-review, Pharmacy > Companion Animal",questionnaire-none
gid://shopify/Product/15671267852619,lamisil-once-4g,Lamisil Once 4G,ACTIVE,"Lamisil, pharmacist-review, Pharmacy > Medicated Skincare, Thrush & Antifungal",questionnaire-none
gid://shopify/Product/15671268376907,vicks-inhaler-nasal-stick,Vicks Inhaler Nasal Stick,ACTIVE,"Blocked Nose & Sinus, pharmacist-review, Pharmacy > Cold & Flu, Vicks",questionnaire-none
gid://shopify/Product/15671270441291,imodium-plus-tabs-12pk,Imodium Plus Tabs 12Pk,ACTIVE,"Diarrhoea, Imodium, pharmacist-review, Pharmacy > Stomach & Digestion",questionnaire-none
gid://shopify/Product/15671270605131,disprin-extra-strength-tablets-16pk,Disprin Extra Strength Tablets 16Pk,ACTIVE,"Disprin, pharmacist-review, Pharmacy > Pain Relief",questionnaire-none
gid://shopify/Product/15671270703435,rennie-peppermint-48pk,Rennie Peppermint 48Pk,ACTIVE,"Acid Indigestion & Reflux, Nausea, pharmacist-review, Pharmacy > Stomach & Digestion, Rennie",questionnaire-none
gid://shopify/Product/15671271817547,anusol-hc-suppositories-12pk,Anusol Hc Suppositories 12Pk,ACTIVE,"Anusol, Haemorrhoids & Piles, pharmacist-review, Pharmacy > Pain Relief",questionnaire-none
gid://shopify/Product/15671271981387,paralink-180mg-supp-10pk,Paralink 180Mg Supp 10Pk,ACTIVE,"Baby & Children Pain Relief, Paralink, pharmacist-review, Pharmacy > Children's Medicine",questionnaire-none
gid://shopify/Product/15671272472907,rennie-peppermint-24pk,Rennie Peppermint 24Pk,ACTIVE,"Acid Indigestion & Reflux, Nausea, pharmacist-review, Pharmacy > Stomach & Digestion, Rennie",questionnaire-none
gid://shopify/Product/15671272538443,sudocrem-tub-60g,Sudocrem Tub 60G,ACTIVE,"Baby > Baby Wipes & Changing, pharmacist-review, Sudocrem",questionnaire-none
gid://shopify/Product/15671273685323,actifed-tabs-12pk,Actifed Tabs 12Pk,ACTIVE,"Actifed, Cold & Flu Combination Products, pharmacist-review, Pharmacy > Cold & Flu",questionnaire-none
gid://shopify/Product/15671275520331,brolene-eye-drops-10ml,Brolene Eye Drops 10Ml,ACTIVE,"Brolene, pharmacist-review, Pharmacy > Eye & Ear Care",questionnaire-none
gid://shopify/Product/15671276339531,panadol-actifast-20pk,Panadol Actifast 20Pk,ACTIVE,"Panadol, pharmacist-review, Pharmacy > Pain Relief",questionnaire-none
gid://shopify/Product/15671277322571,optrex-refreshing-eye-drops-10ml,Optrex Refreshing Eye Drops 10Ml,ACTIVE,"Dry Eye, Optrex, pharmacist-review, Pharmacy > Eye & Ear Care",questionnaire-none
gid://shopify/Product/15671278567755,canesten-2-thrush-cream-20g,Canesten 2% Thrush Cream 20G,ACTIVE,"Canesten, pharmacist-review, Pharmacy > Women's Health, Thrush & Antifungal",questionnaire-none
gid://shopify/Product/15671279190347,easofen-child-3m-100ml-strawberry,Easofen Child 3M+ 100Ml Strawberry,ACTIVE,"Baby & Children Pain Relief, Easofen, pharmacist-review, Pharmacy > Children's Medicine",questionnaire-none
gid://shopify/Product/15671281221963,lemsip-original-hot-lemon-5pk,Lemsip Original Hot Lemon 5Pk,ACTIVE,"Cold & Flu Combination Products, Lemsip, pharmacist-review, Pharmacy > Cold & Flu",questionnaire-none
gid://shopify/Product/15671281320267,actifed-syrup-100ml,Actifed Syrup 100Ml,ACTIVE,"Actifed, Cold & Flu Combination Products, pharmacist-review, Pharmacy > Cold & Flu",questionnaire-none
gid://shopify/Product/15671281353035,fleaway-plus-small-dog,Fleaway Plus Small Dog,ACTIVE,"Fleaway Plus, pharmacist-review, Pharmacy > Companion Animal",questionnaire-none
gid://shopify/Product/15671281615179,telfast-allergy-120mg-tabs-30pk,Telfast Allergy 120Mg Tabs 30Pk,ACTIVE,"pharmacist-review, Pharmacy > Allergy Relief, Telfast",questionnaire-none
gid://shopify/Product/15671281975627,daktarin-2-cream-30g,Daktarin 2% Cream 30G,ACTIVE,"Athletes Foot, Daktarin, pharmacist-review, Pharmacy > Foot & Nail Care, Thrush & Antifungal",questionnaire-none
gid://shopify/Product/15671282663755,fleaway-plus-medium-dog,Fleaway Plus Medium Dog,ACTIVE,"Fleaway Plus, pharmacist-review, Pharmacy > Companion Animal",questionnaire-none
gid://shopify/Product/15671283122507,ov-aqueous-cream-500g,Ov Aqueous Cream 500G,ACTIVE,"Dry Skin, Eczema & Psoriasis, Ovelle, pharmacist-review, Skincare > Body Care",questionnaire-none
gid://shopify/Product/15671283614027,cystopurin-cranb-3g-sachets-6pk,Cystopurin Cranb 3G Sachets 6Pk,ACTIVE,"Cystitis, Cystopurin, pharmacist-review, Pharmacy > Sensitive Conditions",questionnaire-none
gid://shopify/Product/15671284498763,caldesene-medicated-powder-100g,Caldesene Medicated Powder 100G,ACTIVE,"Baby, Caldesene, pharmacist-review",questionnaire-none
gid://shopify/Product/15671284728139,nexium-control-tabs-7pk,Nexium Control Tabs 7Pk,ACTIVE,"Acid Indigestion & Reflux, Nausea, Nexium, pharmacist-review, Pharmacy > Stomach & Digestion",questionnaire-none
gid://shopify/Product/15671284924747,deep-heat-patch-for-back-pain-2pk,Deep Heat Patch For Back Pain 2Pk,ACTIVE,"Deep Heat, Muscle & Joint Pain, pharmacist-review, Pharmacy > Pain Relief",questionnaire-none
gid://shopify/Product/15671285023051,nurofen-child-suppositories-60mg-10pk,Nurofen Child Suppositories 60Mg 10Pk,ACTIVE,"Baby & Children Pain Relief, Nurofen, pharmacist-review, Pharmacy > Children's Medicine",questionnaire-none
gid://shopify/Product/15671285055819,diclac-1-relief-gel-50g,Diclac 1% Relief Gel 50G,ACTIVE,"Diclac, Muscle & Joint Pain, pharmacist-review, Pharmacy > Pain Relief",questionnaire-none
gid://shopify/Product/15671285088587,nicorette-invisi-patch-15mg-7pk,Nicorette Invisi Patch 15Mg 7Pk,ACTIVE,"Nicorette, Nicotine Patches, pharmacist-review, Pharmacy > Nicotine Replacement",questionnaire-none
gid://shopify/Product/15671285219659,canesten-1-cream-20g,Canesten 1% Cream 20G,ACTIVE,"Canesten, pharmacist-review, Pharmacy > Women's Health",questionnaire-none
gid://shopify/Product/15671285317963,benylin-4-flu-tabs-24pk,Benylin 4 Flu Tabs 24Pk,ACTIVE,"Benylin, Cold & Flu Combination Products, pharmacist-review, Pharmacy > Cold & Flu",questionnaire-none
gid://shopify/Product/15671285383499,calpol-6-sf-60ml-s-berry-susp,Calpol 6+ Sf 60Ml S/Berry Susp,ACTIVE,"Baby & Children Pain Relief, Calpol, pharmacist-review, Pharmacy > Children's Medicine",questionnaire-none
gid://shopify/Product/15671285449035,calpol-6-sf-140ml-s-berry-susp,Calpol 6+ Sf 140Ml S/Berry Susp,ACTIVE,"Baby & Children Pain Relief, Calpol, pharmacist-review, Pharmacy > Children's Medicine",questionnaire-none
gid://shopify/Product/15671285645643,canesten-pessary-500mg-1pk,Canesten Pessary 500Mg 1Pk,ACTIVE,"Canesten, pharmacist-review, Pharmacy > Women's Health, Thrush & Antifungal",questionnaire-none
gid://shopify/Product/15671286792523,nicorette-classic-4mg-210pk,Nicorette Classic 4Mg 210Pk,ACTIVE,"Nicorette, pharmacist-review, Pharmacy > Nicotine Replacement",questionnaire-none
gid://shopify/Product/15671286956363,oraldene-liquid-200ml,Oraldene Liquid 200Ml,ACTIVE,"Oraldene, pharmacist-review, Toiletries > Dental",questionnaire-none
gid://shopify/Product/15671289446731,diclac-1-relief-gel-30g,Diclac 1% Relief Gel 30G,ACTIVE,"Diclac, Muscle & Joint Pain, pharmacist-review, Pharmacy > Pain Relief",questionnaire-none
gid://shopify/Product/15671290626379,salatac-gel-8g,Salatac Gel 8G,ACTIVE,"pharmacist-review, Pharmacy > Foot & Nail Care, Salatac, Skintags, Warts & Veruccas",questionnaire-none
gid://shopify/Product/15671291019595,murine-ref-resh-clean-eye-drop,Murine Ref Resh & Clean Eye Drop,ACTIVE,"Murine, pharmacist-review, Pharmacy > Eye & Ear Care",questionnaire-none
gid://shopify/Product/15671292363083,alka-seltzer-20pk-lemon,Alka Seltzer 20Pk Lemon,ACTIVE,"Alka Seltzer, pharmacist-review, Pharmacy > Pain Relief",questionnaire-none
gid://shopify/Product/15671294460235,lanes-olbas-inhaler-nasal-stick-1pk,Lanes Olbas Inhaler Nasal Stick 1Pk,ACTIVE,"Blocked Nose & Sinus, Lanes, pharmacist-review, Pharmacy > Cold & Flu",questionnaire-none
gid://shopify/Product/15671296753995,sudafed-15ml-nasal-spray,Sudafed 15Ml Nasal Spray,ACTIVE,"Blocked Nose & Sinus, pharmacist-review, Pharmacy > Cold & Flu, Sudafed",questionnaire-none
gid://shopify/Product/15671297212747,dulcolax-tabs-60pk,Dulcolax Tabs 60Pk,ACTIVE,"Constipation, Dulcolax, pharmacist-review, Pharmacy > Stomach & Digestion",questionnaire-none
gid://shopify/Product/15671298228555,canesten-1-cream-50g,Canesten 1% Cream 50G,ACTIVE,"Canesten, pharmacist-review, Pharmacy > Women's Health",questionnaire-none
gid://shopify/Product/15671298752843,rennie-deflatine-18pk-chew-tabs,Rennie Deflatine 18Pk Chew Tabs,ACTIVE,"Bloating & Gas, pharmacist-review, Pharmacy > Stomach & Digestion, Rennie",questionnaire-none
gid://shopify/Product/15671299014987,nicorette-freshmint-4mg-30pk,Nicorette Freshmint 4Mg 30Pk,ACTIVE,"Nicorette, pharmacist-review, Pharmacy > Nicotine Replacement",questionnaire-none
gid://shopify/Product/15671299277131,benylin-day-night-tabs-16pk,Benylin Day & Night Tabs 16Pk,ACTIVE,"Benylin, Cold & Flu Combination Products, pharmacist-review, Pharmacy > Cold & Flu",questionnaire-none
gid://shopify/Product/15671299309899,panadol-baby-infant-susp-paracetamol-100ml,Panadol Baby & Infant Susp Paracetamol 100Ml,ACTIVE,"Baby & Children Pain Relief, Panadol, pharmacist-review, Pharmacy > Children's Medicine",questionnaire-none
gid://shopify/Product/15671301800267,easofen-ibuprofen-200mg-12pk,Easofen Ibuprofen 200Mg 12Pk,ACTIVE,"Easofen, pharmacist-review, Pharmacy > Pain Relief",questionnaire-none
gid://shopify/Product/15671301898571,strepsils-strawberry-sugar-free-lozenge-16pk,Strepsils Strawberry Sugar Free Lozenge 16Pk,ACTIVE,"pharmacist-review, Pharmacy > Cold & Flu, Sore Throat, Strepsils",questionnaire-none
gid://shopify/Product/15671302259019,nurofen-express-400mg-maximum-strength-12p,Nurofen Express 400Mg Maximum Strength 12P,ACTIVE,"Nurofen, pharmacist-review, Pharmacy > Pain Relief",questionnaire-none
gid://shopify/Product/15671302291787,lemsip-max-cough-cold-sachets-5pk,Lemsip Max Cough Cold Sachets 5Pk,ACTIVE,"Cough, Lemsip, pharmacist-review, Pharmacy > Cold & Flu",questionnaire-none
gid://shopify/Product/15671302422859,broncho-stop-junior-cough-strawberry-120ml,Broncho Stop Junior Cough Strawberry 120Ml,ACTIVE,"Bronchostop, Cough, pharmacist-review, Pharmacy > Children's Medicine",questionnaire-none
gid://shopify/Product/15671302455627,sinutab-n-d-tabs-15pk,Sinutab N/D Tabs 15Pk,ACTIVE,"Blocked Nose & Sinus, pharmacist-review, Pharmacy > Cold & Flu, Sinutab",questionnaire-none
gid://shopify/Product/15671302521163,corsodyl-300ml-mouthwash-aniseed,Corsodyl 300Ml Mouthwash Aniseed,ACTIVE,"Corsodyl, Gum Health & Gingivitis, pharmacist-review, Toiletries > Dental",questionnaire-none
gid://shopify/Product/15671303569739,lanes-kalms-night-28-tablets,Lanes Kalms Night 28 Tablets,ACTIVE,"Healthy Mind & Sleeping Aids, Herbal Remedies, Lanes, pharmacist-review, Sleep & Rest, Supplements > Sleep & Stress",questionnaire-none
gid://shopify/Product/15671303864651,niquitin-clear-step-2-14mg-patch-7pk,Niquitin Clear Step 2 14Mg Patch 7Pk,ACTIVE,"Nicotine Patches, Niquitin, pharmacist-review, Pharmacy > Nicotine Replacement",questionnaire-none
gid://shopify/Product/15671304651083,nizoral-dandruff-shampoo-100ml,Nizoral Dandruff Shampoo 100Ml,ACTIVE,"Nizoral, pharmacist-review, Toiletries > Hair Care",questionnaire-none
gid://shopify/Product/15671305142603,beconase-hayfever-100-dose,Beconase Hayfever 100 Dose,ACTIVE,"Beconase, pharmacist-review, Pharmacy > Allergy Relief",questionnaire-none
gid://shopify/Product/15671305339211,easofen-max-400mg-ibuprofen-24pk,Easofen Max 400Mg Ibuprofen 24Pk,ACTIVE,"Easofen, pharmacist-review, Pharmacy > Pain Relief",questionnaire-none
gid://shopify/Product/15671305830731,vicks-vaporub-100g-tub,Vicks Vaporub 100G Tub,ACTIVE,"Blocked Nose & Sinus, pharmacist-review, Pharmacy > Cold & Flu, Vicks",questionnaire-none
gid://shopify/Product/15671305896267,zirtek-plus-decongestant-6pk,Zirtek Plus Decongestant 6Pk,ACTIVE,"pharmacist-review, Pharmacy > Allergy Relief, Zirtek",questionnaire-none
gid://shopify/Product/15671306125643,pepcid-ac-tabs-12pk,Pepcid Ac Tabs 12Pk,ACTIVE,"Acid Indigestion & Reflux, Nausea, Pepcid, pharmacist-review, Pharmacy > Stomach & Digestion",questionnaire-none
gid://shopify/Product/15671306191179,nurofen-cold-flu-24pk,Nurofen Cold & Flu 24Pk,ACTIVE,"Cold & Flu Combination Products, Nurofen, pharmacist-review, Pharmacy > Cold & Flu",questionnaire-none
gid://shopify/Product/15671306289483,nexium-control-capsules-14pk,Nexium Control Capsules 14Pk,ACTIVE,"Acid Indigestion & Reflux, Nausea, Nexium, pharmacist-review, Pharmacy > Stomach & Digestion",questionnaire-none
gid://shopify/Product/15671306355019,deep-heat-spray-150ml,Deep Heat Spray 150Ml,ACTIVE,"Deep Heat, Muscle & Joint Pain, pharmacist-review, Pharmacy > Pain Relief",questionnaire-none
gid://shopify/Product/15671307698507,gaviscon-aniseed-liquid-300ml,Gaviscon Aniseed Liquid 300Ml,ACTIVE,"Acid Indigestion & Reflux, Gaviscon, Nausea, pharmacist-review, Pharmacy > Stomach & Digestion",questionnaire-none
gid://shopify/Product/15671307862347,carbosan-gel,Carbosan Gel,ACTIVE,"Carbosan, Mouth Ulcers & Cold Sores, pharmacist-review, Pharmacy > Oral Health",questionnaire-none
gid://shopify/Product/15671307960651,buttercup-broncho-stop-cough-syrup-290ml,Buttercup Broncho Stop Cough Syrup 290Ml,ACTIVE,"Bronchostop, Cough, pharmacist-review, Pharmacy > Cold & Flu",questionnaire-none
gid://shopify/Product/15671308222795,ov-silcocks-base-250ml-tube,Ov Silcocks Base 250Ml Tube,ACTIVE,"Dry Skin, Eczema & Psoriasis, Ovelle, pharmacist-review, Skincare > Body Care",questionnaire-none
gid://shopify/Product/15671308353867,nytol-50mg-diphenhydramine-20pk-perrigo,Nytol 50Mg Diphenhydramine 20Pk Perrigo,ACTIVE,"Healthy Mind & Sleeping Aids, Nytol, pharmacist-review, Pharmacy > Sensitive Conditions, Sleep & Rest",questionnaire-none
gid://shopify/Product/15671308648779,optrex-10ml-eye-drops-clear-eyes,Optrex 10Ml Eye Drops Clear Eyes,ACTIVE,"Optrex, pharmacist-review, Pharmacy > Eye & Ear Care",questionnaire-none
gid://shopify/Product/15671308779851,viralief-cs-cream-2g,Viralief Cs Cream 2G,ACTIVE,"Mouth Ulcers & Cold Sores, pharmacist-review, Pharmacy > Oral Health, Viralief",questionnaire-none
gid://shopify/Product/15671309304139,motilium-tabs-10pk,Motilium Tabs 10Pk,ACTIVE,"Acid Indigestion & Reflux, Motilium, Nausea, pharmacist-review, Pharmacy > Stomach & Digestion",questionnaire-none
gid://shopify/Product/15671310319947,microlax-5ml-tube-4pk,Microlax 5Ml Tube 4Pk,ACTIVE,"Constipation, Microlax, pharmacist-review, Pharmacy > Stomach & Digestion",questionnaire-none
gid://shopify/Product/15671310483787,anthisan-cream-25g,Anthisan Cream 25G,ACTIVE,"Anthisan, Insect Bites & Prevention, pharmacist-review, Pharmacy > Allergy Relief",questionnaire-none
gid://shopify/Product/15671310582091,buscopan-10mg-tabs-20pk,Buscopan 10Mg Tabs 20Pk,ACTIVE,"Buscopan, Cramping & Irritable Bowel, pharmacist-review, Pharmacy > Stomach & Digestion",questionnaire-none
gid://shopify/Product/15671310844235,buplex-ibuprofen-400mg-tabs-12pk,Buplex Ibuprofen 400Mg Tabs 12Pk,ACTIVE,"Buplex, pharmacist-review, Pharmacy > Pain Relief",questionnaire-none
gid://shopify/Product/15671311139147,galfer-caps-28pk,Galfer Caps 28Pk,ACTIVE,"Galfer, pharmacist-review, Pharmacy > Women's Health",questionnaire-none
gid://shopify/Product/15671311958347,niquitin-mini-4mg-60pk-mint-lozenges,Niquitin Mini 4Mg 60Pk Mint Lozenges,ACTIVE,"Niquitin, pharmacist-review, Pharmacy > Nicotine Replacement",questionnaire-none
gid://shopify/Product/15671311991115,losec-control-20mg-gr-tabs-14pk,Losec Control 20Mg Gr Tabs 14Pk,ACTIVE,"Acid Indigestion & Reflux, Losec, Nausea, pharmacist-review, Pharmacy > Stomach & Digestion",questionnaire-none
gid://shopify/Product/15671313563979,caldesene-adult-powder-10-w-w-100g,Caldesene Adult Powder 10% W/W 100G,ACTIVE,"Caldesene, pharmacist-review, Pharmacy > Medicated Skincare",questionnaire-none
gid://shopify/Product/15671315333451,deep-heat-cream-100g,Deep Heat Cream 100G,ACTIVE,"Deep Heat, Muscle & Joint Pain, pharmacist-review, Pharmacy > Pain Relief",questionnaire-none
gid://shopify/Product/15671316349259,nurofen-durance-200mg-plasters,Nurofen Durance 200Mg Plasters,ACTIVE,"Nurofen, pharmacist-review, Pharmacy > Pain Relief",questionnaire-none
gid://shopify/Product/15671318970699,sudocrem-tube-30g,Sudocrem Tube 30G,ACTIVE,"Baby > Baby Wipes & Changing, pharmacist-review, Sudocrem",questionnaire-none
gid://shopify/Product/15671320412491,galfer-syrup-140mg-5ml-100ml,Galfer Syrup 140Mg/5Ml 100Ml,ACTIVE,"Galfer, pharmacist-review, Pharmacy > Women's Health",questionnaire-none
gid://shopify/Product/15671321035083,vicks-first-defense-15ml-nasal-spray,Vicks First Defense 15Ml Nasal Spray,ACTIVE,"Blocked Nose & Sinus, pharmacist-review, Pharmacy > Cold & Flu, Vicks",questionnaire-none
gid://shopify/Product/15671321297227,night-nurse-liquid-160ml-gsk,Night Nurse Liquid 160Ml Gsk,ACTIVE,"Cold & Flu Combination Products, Night Nurse, pharmacist-review, Pharmacy > Cold & Flu",questionnaire-none
gid://shopify/Product/15671321395531,easofen-child-6y-200ml-strawberry,Easofen Child 6Y+ 200Ml Strawberry,ACTIVE,"Baby & Children Pain Relief, Easofen, pharmacist-review, Pharmacy > Children's Medicine",questionnaire-none
gid://shopify/Product/15671321657675,strepsils-orange-withvitamin-c-lozenge-36pk,Strepsils Orange Withvitamin C Lozenge 36Pk,ACTIVE,"pharmacist-review, Pharmacy > Cold & Flu, Sore Throat, Strepsils",questionnaire-none
gid://shopify/Product/15671321690443,dulcolax-pico-liquid-300ml,Dulcolax Pico Liquid 300Ml,ACTIVE,"Constipation, Dulcolax, pharmacist-review, Pharmacy > Stomach & Digestion",questionnaire-none
gid://shopify/Product/15671321755979,vermox-tabs-6pk,Vermox Tabs 6Pk,ACTIVE,"pharmacist-review, Pharmacy > Sensitive Conditions, Vermox",questionnaire-none
gid://shopify/Product/15671322149195,clarityn-tabs-loratadine-30pk,Clarityn Tabs Loratadine 30Pk,ACTIVE,"Clarityn, pharmacist-review, Pharmacy > Allergy Relief",questionnaire-none
gid://shopify/Product/15671322542411,motilium-fastmelts-10pk,Motilium Fastmelts 10Pk,ACTIVE,"Acid Indigestion & Reflux, Motilium, Nausea, pharmacist-review, Pharmacy > Stomach & Digestion",questionnaire-none
gid://shopify/Product/15671323361611,fleaway-plus-cat,Fleaway Plus Cat,ACTIVE,"Fleaway Plus, pharmacist-review, Pharmacy > Companion Animal",questionnaire-none
gid://shopify/Product/15671323754827,otrivine-adult-nasal-drops-10ml,Otrivine Adult Nasal Drops 10Ml,ACTIVE,"Blocked Nose & Sinus, Otrivine, pharmacist-review, Pharmacy > Cold & Flu",questionnaire-none
gid://shopify/Product/15671323820363,anhydrol-forte-60ml,Anhydrol Forte 60Ml,ACTIVE,"Anhydrol, pharmacist-review, Toiletries > Deodorant",questionnaire-none
gid://shopify/Product/15671324934475,nurofen-child-oral-suspension-strawberry-w-syringe-150ml,Nurofen Child Oral Suspension Strawberry W/ Syringe 150Ml,ACTIVE,"Baby & Children Pain Relief, Nurofen, pharmacist-review, Pharmacy > Children's Medicine",questionnaire-none
gid://shopify/Product/15671325065547,lyclear-treatment-shampoo-200ml,Lyclear Treatment Shampoo 200Ml,ACTIVE,"Headlice, Lyclear, pharmacist-review, Pharmacy > Sensitive Conditions",questionnaire-none
gid://shopify/Product/15671325196619,nasacort-allergy-nasal-spray,Nasacort Allergy Nasal Spray,ACTIVE,"Nasacort, pharmacist-review, Pharmacy > Allergy Relief",questionnaire-none
gid://shopify/Product/15671325622603,panadol-ets-tabs-24pk,Panadol Ets Tabs 24Pk,ACTIVE,"Panadol, pharmacist-review, Pharmacy > Pain Relief",questionnaire-none
gid://shopify/Product/15671325720907,stugeron-tabs-15pk,Stugeron Tabs 15Pk,ACTIVE,"pharmacist-review, Pharmacy > Sensitive Conditions, Stugeron, Travel Sickness",questionnaire-none
gid://shopify/Product/15671326081355,anadin-tabs-12pk,Anadin Tabs 12Pk,ACTIVE,"Anadin, pharmacist-review, Pharmacy > Pain Relief",questionnaire-none
gid://shopify/Product/15671326900555,ferrograd-c-tablets-325mg-500g,Ferrograd C Tablets 325Mg / 500G,ACTIVE,"Ferrograd, pharmacist-review, Pharmacy > Women's Health",questionnaire-none
gid://shopify/Product/15671326933323,nurofen-sinus-pain-24pk,Nurofen Sinus & Pain 24Pk,ACTIVE,"Nurofen, pharmacist-review, Pharmacy > Pain Relief",questionnaire-none
gid://shopify/Product/15671327261003,nurofen-child-oral-suspension-orange-w-syringe-150ml,Nurofen Child Oral Suspension Orange W/ Syringe 150Ml,ACTIVE,"Baby & Children Pain Relief, Nurofen, pharmacist-review, Pharmacy > Children's Medicine",questionnaire-none
gid://shopify/Product/15671328080203,nicorette-quickmist-1mg-2pk,Nicorette Quickmist 1Mg 2Pk,ACTIVE,"Nicorette, pharmacist-review, Pharmacy > Nicotine Replacement",questionnaire-none
gid://shopify/Product/15671328538955,voltarol-1-100g,Voltarol 1% 100G,ACTIVE,"Muscle & Joint Pain, pharmacist-review, Pharmacy > Pain Relief, Voltarol",questionnaire-none
gid://shopify/Product/15671329063243,dulcosoft-oral-solution-250ml-by-dulcolax,Dulcosoft Oral Solution 250Ml By Dulcolax,ACTIVE,"Constipation, Dulcolax, pharmacist-review, Pharmacy > Stomach & Digestion",questionnaire-none
gid://shopify/Product/15671329161547,murine-irritation-redness-eye-drops-10ml,Murine Irritation & Redness Relief Eye Drops 10Ml,ACTIVE,"Murine, pharmacist-review, Pharmacy > Eye & Ear Care",questionnaire-none
gid://shopify/Product/15671329489227,nurofen-cold-and-flu-tabs-24pk,Nurofen Cold And Flu Tabs 24Pk,ACTIVE,"Nurofen, pharmacist-review, Pharmacy > Pain Relief",questionnaire-none
gid://shopify/Product/15671330177355,nurofen-child-oral-susp-3-orange-w-spoon-100m,Nurofen Child Oral Susp 3+ Orange W/ Spoon 100M,ACTIVE,"Baby & Children Pain Relief, Nurofen, pharmacist-review, Pharmacy > Children's Medicine",questionnaire-none
gid://shopify/Product/15671331225931,calpol-infant-syringe-60ml-strawberry-susp,Calpol Infant Syringe 60Ml Strawberry Susp,ACTIVE,"Baby & Children Pain Relief, Calpol, pharmacist-review, Pharmacy > Children's Medicine",questionnaire-none
gid://shopify/Product/15671331455307,buttercup-broncho-stop-cough-syrup-200ml,Buttercup Broncho Stop Cough Syrup 200Ml,ACTIVE,"Bronchostop, Cough, pharmacist-review, Pharmacy > Cold & Flu",questionnaire-none
gid://shopify/Product/15671331619147,brupro-ibuprofen-200mg-tabs-24pk,Brupro Ibuprofen 200Mg Tabs 24Pk,ACTIVE,"Brupo, pharmacist-review, Pharmacy > Pain Relief",questionnaire-none
gid://shopify/Product/15671331946827,sudafed-n-d-tabs-12pk,Sudafed N/D Tabs 12Pk,ACTIVE,"Blocked Nose & Sinus, pharmacist-review, Pharmacy > Cold & Flu, Sudafed",questionnaire-none
gid://shopify/Product/15671332110667,voltarol-2-extra-strength-gel-30g,Voltarol 2% Extra Strength Gel 30G,ACTIVE,"Muscle & Joint Pain, pharmacist-review, Pharmacy > Pain Relief, Voltarol",questionnaire-none
gid://shopify/Product/15671332176203,kwells-12pk-travel-sickness-tabs,Kwells 12Pk Travel Sickness Tabs,ACTIVE,"Kwells, pharmacist-review, Pharmacy > Sensitive Conditions, Travel Sickness",questionnaire-none
gid://shopify/Product/15671332274507,deep-heat-cream-67g,Deep Heat Cream 67G,ACTIVE,"Deep Heat, Muscle & Joint Pain, pharmacist-review, Pharmacy > Pain Relief",questionnaire-none
gid://shopify/Product/15671332569419,nicorette-cools-4mg-loz-80pk,Nicorette Cools 4Mg Loz 80Pk,ACTIVE,"Nicorette, pharmacist-review, Pharmacy > Nicotine Replacement",questionnaire-none
gid://shopify/Product/15671332667723,viscolex-syrup-250ml,Viscolex Syrup 250Ml,ACTIVE,"Cough, pharmacist-review, Pharmacy > Cold & Flu, Viscolex",questionnaire-none
gid://shopify/Product/15671333192011,panadol-extra-24pk,Panadol Extra 24Pk,ACTIVE,"Panadol, pharmacist-review, Pharmacy > Pain Relief",questionnaire-none
gid://shopify/Product/15671334076747,cetrine-allergy-cetirizine-7pk,Cetrine Allergy Cetirizine 7Pk,ACTIVE,"Cetrine, pharmacist-review, Pharmacy > Allergy Relief",questionnaire-none
gid://shopify/Product/15671334764875,deep-heat-massage-roll-on-lotion-50ml,Deep Heat Massage Roll On Lotion 50Ml,ACTIVE,"Deep Heat, Muscle & Joint Pain, pharmacist-review, Pharmacy > Pain Relief",questionnaire-none
gid://shopify/Product/15671335092555,sumatran-relief-50mg-2pk,Sumatran Relief 50Mg 2Pk,ACTIVE,"pharmacist-review, Pharmacy > Pain Relief, Sumatran",questionnaire-none
gid://shopify/Product/15671335158091,nurofen-tablets-12pk,Nurofen Tablets 12Pk,ACTIVE,"Nurofen, pharmacist-review, Pharmacy > Pain Relief",questionnaire-none
gid://shopify/Product/15671335485771,disprin-tablets-12pk,Disprin Tablets 12Pk,ACTIVE,"Disprin, pharmacist-review, Pharmacy > Pain Relief",questionnaire-none
gid://shopify/Product/15671337943371,corsodyl-50g-dental-gel,Corsodyl 50G Dental Gel,ACTIVE,"Corsodyl, Gum Health & Gingivitis, pharmacist-review, Toiletries > Dental",questionnaire-none
gid://shopify/Product/15671338697035,clarityn-tabs-loratadine-7pk,Clarityn Tabs Loratadine 7Pk,ACTIVE,"Clarityn, pharmacist-review, Pharmacy > Allergy Relief",questionnaire-none
gid://shopify/Product/15671338860875,emazole-20mg-tablets-14pk,Emazole 20Mg Tablets 14Pk,ACTIVE,"Acid Indigestion & Reflux, Emazole, Nausea, pharmacist-review, Pharmacy > Stomach & Digestion",questionnaire-none
gid://shopify/Product/15671339286859,dulcolax-tabs-40pk,Dulcolax Tabs 40Pk,ACTIVE,"Constipation, Dulcolax, pharmacist-review, Pharmacy > Stomach & Digestion",questionnaire-none
gid://shopify/Product/15671340663115,zirtek-oral-solution-1mg-ml-200ml,Zirtek Oral Solution 1Mg/Ml 200Ml,ACTIVE,"pharmacist-review, Pharmacy > Allergy Relief, Zirtek",questionnaire-none
gid://shopify/Product/15671340925259,arret-2mg-hard-capsules-12pk,Arret 2Mg Hard Capsules 12Pk,ACTIVE,"Arret, Diarrhoea, pharmacist-review, Pharmacy > Stomach & Digestion",questionnaire-none
gid://shopify/Product/15671341777227,casacol-expectorant-sf-125ml-syrup,Casacol Expectorant Sf 125Ml Syrup,ACTIVE,"Casacol, pharmacist-review, Pharmacy > Pain Relief",questionnaire-none
gid://shopify/Product/15671341875531,clonfolic-folic-acid-98pk-14wk,Clonfolic Folic Acid 98Pk / 14Wk,ACTIVE,"Clonfolic, pharmacist-review, Pharmacy > Women's Health",questionnaire-none
gid://shopify/Product/15671342727499,gaviscon-extra-chew-tabs-24pk-peppermint,Gaviscon Extra Chew Tabs 24Pk Peppermint,ACTIVE,"Acid Indigestion & Reflux, Gaviscon, Nausea, pharmacist-review, Pharmacy > Stomach & Digestion",questionnaire-none
gid://shopify/Product/15671346757963,desenex-55g-powder,Desenex 55G Powder,ACTIVE,"Athletes Foot, Desenex, pharmacist-review, Skincare > Hands & Feet, Thrush & Antifungal",questionnaire-none
gid://shopify/Product/15671347904843,nurofen-rapid-relief-max-400mg-liquid-caps-20pk,Nurofen Rapid Relief Max 400Mg Liquid Caps 20Pk,ACTIVE,"Nurofen, pharmacist-review, Pharmacy > Pain Relief",questionnaire-none
gid://shopify/Product/15671348396363,dulcolax-tabs-100pk,Dulcolax Tabs 100Pk,ACTIVE,"Constipation, Dulcolax, pharmacist-review, Pharmacy > Stomach & Digestion",questionnaire-none
gid://shopify/Product/15671348855115,rennie-spearmint-48pk,Rennie Spearmint 48Pk,ACTIVE,"Acid Indigestion & Reflux, Nausea, pharmacist-review, Pharmacy > Stomach & Digestion, Rennie",questionnaire-none
gid://shopify/Product/15671349182795,buplex-ibuprofen-200mg-tabs-12pk,Buplex Ibuprofen 200Mg Tabs 12Pk,ACTIVE,"Buplex, pharmacist-review, Pharmacy > Pain Relief",questionnaire-none
gid://shopify/Product/15671349444939,buttercup-broncho-stop-cough-pastilles-10pk,Buttercup Broncho Stop Cough Pastilles 10Pk,ACTIVE,"Bronchostop, Cough, pharmacist-review, Pharmacy > Cold & Flu",questionnaire-none
gid://shopify/Product/15671349576011,fybogel-orange-10pk,Fybogel Orange 10Pk,ACTIVE,"Constipation, Fybogel, pharmacist-review, Pharmacy > Stomach & Digestion",questionnaire-none
gid://shopify/Product/15671349936459,nurofen-child-six-plus-orange-200mg-5ml-oral-suspension-100ml,Nurofen Child Six Plus Orange 200Mg/5Ml Oral Suspension 100Ml,ACTIVE,"Baby & Children Pain Relief, Nurofen, pharmacist-review, Pharmacy > Children's Medicine",questionnaire-none
gid://shopify/Product/15671350100299,cetrine-allergy-cetirizine-30pk,Cetrine Allergy Cetirizine 30Pk,ACTIVE,"Cetrine, pharmacist-review, Pharmacy > Allergy Relief",questionnaire-none
gid://shopify/Product/15671350362443,sudaplus-n-d-tabs-15pk,Sudaplus N/D Tabs 15Pk,ACTIVE,"Blocked Nose & Sinus, pharmacist-review, Pharmacy > Cold & Flu, Sudaplus",questionnaire-none
gid://shopify/Product/15671350460747,bisodol-peppermint-tablets-100pk,Bisodol Peppermint Tablets 100Pk,ACTIVE,"Acid Indigestion & Reflux, Bisodol, Nausea, pharmacist-review, Pharmacy > Stomach & Digestion",questionnaire-none
gid://shopify/Product/15671350559051,nelsons-arnicare-cooling-gel-30g,Nelsons Arnicare Cooling Gel 30G,ACTIVE,"Nelsons, no-welcome-discount, pharmacist-review, Pharmacy > First Aid",questionnaire-none
gid://shopify/Product/15671351312715,paralink-susp-100ml,Paralink Susp 100Ml,ACTIVE,"Baby & Children Pain Relief, Paralink, pharmacist-review, Pharmacy > Children's Medicine",questionnaire-none
gid://shopify/Product/15671351935307,nicorette-cools-2mg-loz-80pk,Nicorette Cools 2Mg Loz 80Pk,ACTIVE,"Nicorette, pharmacist-review, Pharmacy > Nicotine Replacement",questionnaire-none
gid://shopify/Product/15671352262987,calpol-infant-140ml-spoon-syringe-strawberry-susp,Calpol Infant 140Ml Spoon/ Syringe Strawberry Susp,ACTIVE,"Baby & Children Pain Relief, Calpol, pharmacist-review, Pharmacy > Children's Medicine",questionnaire-none
gid://shopify/Product/15671352492363,lorat-10mg-tabs-28pk,Lorat 10Mg Tabs 28Pk,ACTIVE,"Lorat, pharmacist-review, Pharmacy > Allergy Relief",questionnaire-none
gid://shopify/Product/15671352623435,deep-heat-well-patch-4pk,Deep Heat Well Patch 4Pk,ACTIVE,"Deep Heat, Muscle & Joint Pain, pharmacist-review, Pharmacy > Pain Relief",questionnaire-none
gid://shopify/Product/15671352852811,vicks-sinex-micromist-nasal-spray,Vicks Sinex Micromist Nasal Spray,ACTIVE,"Blocked Nose & Sinus, pharmacist-review, Pharmacy > Cold & Flu, Vicks",questionnaire-none
gid://shopify/Product/15671353147723,gaviscon-infant-sachets-15pk-30-doses,Gaviscon Infant Sachets 15Pk (30 Doses),ACTIVE,"Gaviscon, pharmacist-review, Pharmacy > Children's Medicine",questionnaire-none
gid://shopify/Product/15671353475403,imodium-instants-12pk,Imodium Instants 12Pk,ACTIVE,"Diarrhoea, Imodium, pharmacist-review, Pharmacy > Stomach & Digestion",questionnaire-none
gid://shopify/Product/15671353835851,bonjela-teething-gel-15g,Bonjela Teething Gel 15G,ACTIVE,"Bonjela, pharmacist-review, Pharmacy > Oral Health, Teething",questionnaire-none
gid://shopify/Product/15671355638091,nicorette-invisi-patch-25mg-14pk,Nicorette Invisi Patch 25Mg 14Pk,ACTIVE,"Nicorette, Nicotine Patches, pharmacist-review, Pharmacy > Nicotine Replacement",questionnaire-none
gid://shopify/Product/15671355801931,exterol-ear-drops-8ml,Exterol Ear Drops 8Ml,ACTIVE,"Ear Wax Treatments, Exterol, pharmacist-review, Pharmacy > Eye & Ear Care",questionnaire-none
gid://shopify/Product/15671356522827,nurofen-tablets-48pk,Nurofen Tablets 48Pk,ACTIVE,"Nurofen, pharmacist-review, Pharmacy > Pain Relief",questionnaire-none
gid://shopify/Product/15671357112651,avogel-echinaforce-cold-flu-drops-50ml,Avogel Echinaforce Cold & Flu Drops 50Ml,ACTIVE,"A.VOGEL, Herbal Remedies, pharmacist-review, Pharmacy > Cold & Flu",questionnaire-none
gid://shopify/Product/15671357833547,strepsils-plus-24pk-anaesthetic,Strepsils Plus 24Pk Anaesthetic,ACTIVE,"pharmacist-review, Pharmacy > Cold & Flu, Sore Throat, Strepsils",questionnaire-none
gid://shopify/Product/15671358193995,easofen-ibuprofen-200mg-24pk,Easofen Ibuprofen 200Mg 24Pk,ACTIVE,"Easofen, pharmacist-review, Pharmacy > Pain Relief",questionnaire-none
gid://shopify/Product/15671358357835,magnesium-verla-20pk,Magnesium Verla 20Pk,ACTIVE,"Magnesium, pharmacist-review, Supplements > Sleep & Stress",questionnaire-none
gid://shopify/Product/15671358914891,lactulose-fresenius-670mg-ml-500ml,Lactulose Fresenius 670Mg/Ml 500Ml,ACTIVE,"Constipation, Lactulose, pharmacist-review, Pharmacy > Stomach & Digestion",questionnaire-none
gid://shopify/Product/15671358947659,nurofen-child-orange-oral-suspension-w-spoon-200ml,Nurofen Child Orange Oral Suspension W/Spoon 200Ml,ACTIVE,"Baby & Children Pain Relief, Nurofen, pharmacist-review, Pharmacy > Children's Medicine",questionnaire-none
gid://shopify/Product/15671359045963,cetrine-allergy-cetirizine-1mg-ml-200ml,Cetrine Allergy Cetirizine 1Mg/Ml 200Ml,ACTIVE,"Cetrine, pharmacist-review, Pharmacy > Allergy Relief",questionnaire-none
gid://shopify/Product/15671359242571,easofen-child-6y-100ml-strawberry,Easofen Child 6Y+ 100Ml Strawberry,ACTIVE,"Baby & Children Pain Relief, Easofen, pharmacist-review, Pharmacy > Children's Medicine",questionnaire-none
gid://shopify/Product/15671359275339,lanes-olbas-oil-10ml,Lanes Olbas Oil 10Ml,ACTIVE,"Blocked Nose & Sinus, Lanes, pharmacist-review, Pharmacy > Cold & Flu",questionnaire-none
gid://shopify/Product/15671359668555,bepantiseptic-1st-aid-cream-30g,Bepantiseptic 1St Aid Cream 30G,ACTIVE,"Antiseptics & Wound Cleaning, Bepantiseptic, pharmacist-review, Pharmacy > First Aid",questionnaire-none
gid://shopify/Product/15671360061771,panadol-c-f-relief-tabs-12pk,Panadol C&F Relief Tabs 12Pk,ACTIVE,"Cold & Flu Combination Products, Panadol, pharmacist-review, Pharmacy > Cold & Flu",questionnaire-none
gid://shopify/Product/15671360258379,desenex-30g-ointment,Desenex 30G Ointment,ACTIVE,"Athletes Foot, Desenex, pharmacist-review, Pharmacy > Foot & Nail Care, Thrush & Antifungal",questionnaire-none
gid://shopify/Product/15671360913739,nicorette-invisi-patch-10mg-7pk,Nicorette Invisi Patch 10Mg 7Pk,ACTIVE,"Nicorette, Nicotine Patches, pharmacist-review, Pharmacy > Nicotine Replacement",questionnaire-none
gid://shopify/Product/15671361634635,benylin-125ml-cough-med-orginal,Benylin 125Ml Cough Med Orginal,ACTIVE,"Benylin, Cough, pharmacist-review, Pharmacy > Cold & Flu",questionnaire-none
gid://shopify/Product/15671362257227,voltarol-1-emulgel-30g,Voltarol 1% Emulgel 30G,ACTIVE,"Muscle & Joint Pain, pharmacist-review, Pharmacy > Pain Relief, Voltarol",questionnaire-none
gid://shopify/Product/15671362322763,gaviscon-handy-pack-peppermint-16pk,Gaviscon Handy Pack Peppermint 16Pk,ACTIVE,"Acid Indigestion & Reflux, Gaviscon, Nausea, pharmacist-review, Pharmacy > Stomach & Digestion",questionnaire-none
gid://shopify/Product/15671362388299,voltarol-emulgel-1-no-mess-100g,Voltarol Emulgel 1% No Mess 100G,ACTIVE,"Muscle & Joint Pain, pharmacist-review, Pharmacy > Pain Relief, Voltarol",questionnaire-none
gid://shopify/Product/15671363174731,imodium-liquigels-12pk,Imodium Liquigels 12Pk,ACTIVE,"Diarrhoea, Imodium, pharmacist-review, Pharmacy > Stomach & Digestion",questionnaire-none
gid://shopify/Product/15671363305803,nicorette-classic-2mg-210pk,Nicorette Classic 2Mg 210Pk,ACTIVE,"Nicorette, pharmacist-review, Pharmacy > Nicotine Replacement",questionnaire-none
gid://shopify/Product/15671363764555,dettol-liquid-500ml,Dettol Liquid 500Ml,ACTIVE,"Dettol, pharmacist-review",questionnaire-none
gid://shopify/Product/15671364157771,ov-calamine-lotion-100ml,Ov Calamine Lotion 100Ml,ACTIVE,"Ovelle, pharmacist-review, Skincare > Body Care",questionnaire-none
gid://shopify/Product/15671364387147,clonfolic-folic-acid-28pk-4wk,Clonfolic Folic Acid 28Pk / 4Wk,ACTIVE,"Clonfolic, pharmacist-review, Supplements > Women's Wellbeing",questionnaire-none
gid://shopify/Product/15671364518219,savlon-antiseptic-cream-30g,Savlon Antiseptic Cream 30G,ACTIVE,"Antiseptics & Wound Cleaning, pharmacist-review, Pharmacy > First Aid, Savlon",questionnaire-none
gid://shopify/Product/15671364616523,strepsils-extra-blackcurrant-lozenge-24pk,Strepsils Extra Blackcurrant Lozenge 24Pk,ACTIVE,"pharmacist-review, Pharmacy > Cold & Flu, Sore Throat, Strepsils",questionnaire-none
gid://shopify/Product/15671364649291,vicks-vapopads-7,Vicks Vapopads 7,ACTIVE,"Blocked Nose & Sinus, pharmacist-review, Pharmacy > Cold & Flu, Vicks",questionnaire-none
gid://shopify/Product/15671364944203,maalox-oral-suspension-250ml-peppermint,Maalox Oral Suspension 250Ml Peppermint,ACTIVE,"Acid Indigestion & Reflux, Maalox, Nausea, pharmacist-review, Pharmacy > Stomach & Digestion",questionnaire-none
gid://shopify/Product/15671365730635,benylin-125ml-dry-cough-syrup,Benylin 125Ml Dry Cough Syrup,ACTIVE,"Benylin, Cough, pharmacist-review, Pharmacy > Cold & Flu",questionnaire-none
gid://shopify/Product/15671365861707,bonjela-gel-15g,Bonjela Gel 15G,ACTIVE,"Bonjela, Mouth Ulcers & Cold Sores, pharmacist-review, Pharmacy > Oral Health",questionnaire-none
gid://shopify/Product/15671366189387,easofen-child-3m-200ml-strawberry,Easofen Child 3M+ 200Ml Strawberry,ACTIVE,"Baby & Children Pain Relief, Easofen, pharmacist-review, Pharmacy > Children's Medicine",questionnaire-none
gid://shopify/Product/15671366746443,anusol-soothing-wipes-30pk,Anusol Soothing Wipes 30Pk,ACTIVE,"Anusol, Haemorrhoids & Piles, pharmacist-review, Pharmacy > Stomach & Digestion",questionnaire-none
gid://shopify/Product/15671367237963,sudocrem-tub-250g,Sudocrem Tub 250G,ACTIVE,"Baby > Baby Wipes & Changing, pharmacist-review, Sudocrem",questionnaire-none
gid://shopify/Product/15671367401803,lemsip-headcold-10pk,Lemsip Headcold 10Pk,ACTIVE,"Cold & Flu Combination Products, Lemsip, pharmacist-review, Pharmacy > Cold & Flu",questionnaire-none
gid://shopify/Product/15671367467339,nicorette-quickmist-1mg-1pk,Nicorette Quickmist 1Mg 1Pk,ACTIVE,"Nicorette, pharmacist-review, Pharmacy > Nicotine Replacement",questionnaire-none
gid://shopify/Product/15671367598411,nicorette-invisi-patch-25mg-7pk,Nicorette Invisi Patch 25Mg 7Pk,ACTIVE,"Nicorette, Nicotine Patches, pharmacist-review, Pharmacy > Nicotine Replacement",questionnaire-none
gid://shopify/Product/15671368024395,milk-of-magnesia-200ml,Milk Of Magnesia 200Ml,ACTIVE,"Constipation, Milk Of Magnesia, pharmacist-review, Pharmacy > Stomach & Digestion",questionnaire-none
gid://shopify/Product/15671368352075,vicks-vaporub-50g-tub,Vicks Vaporub 50G Tub,ACTIVE,"Blocked Nose & Sinus, pharmacist-review, Pharmacy > Cold & Flu, Vicks",questionnaire-none
gid://shopify/Product/15671368384843,nicorette-freshmint-4mg-105pk,Nicorette Freshmint 4Mg 105Pk,ACTIVE,"Nicorette, pharmacist-review, Pharmacy > Nicotine Replacement",questionnaire-none
gid://shopify/Product/15671368778059,opticrom-allergy-2-eye-drops-10ml,Opticrom Allergy 2% Eye Drops 10Ml,ACTIVE,"Opticrom, pharmacist-review, Pharmacy > Eye & Ear Care",questionnaire-none
gid://shopify/Product/15671369498955,otrivine-adult-mucus-relief-spray-10ml,Otrivine Adult Mucus Relief Spray 10Ml,ACTIVE,"Blocked Nose & Sinus, Otrivine, pharmacist-review, Pharmacy > Cold & Flu",questionnaire-none
gid://shopify/Product/15671371039051,ferrograd-tabs-325mg,Ferrograd Tabs 325Mg,ACTIVE,"Ferrograd, pharmacist-review, Supplements > Women's Wellbeing",questionnaire-none
gid://shopify/Product/15671371268427,otrivine-antistin-eye-drops-10ml,Otrivine Antistin Eye Drops 10Ml,ACTIVE,"Otrivine, pharmacist-review, Pharmacy > Eye & Ear Care",questionnaire-none
gid://shopify/Product/15671371333963,gaviscon-peppermint-liquid-300ml,Gaviscon Peppermint Liquid 300Ml,ACTIVE,"Acid Indigestion & Reflux, Gaviscon, Nausea, pharmacist-review, Pharmacy > Stomach & Digestion",questionnaire-none
gid://shopify/Product/15671371530571,lanes-kalms-3-a-day-100pk,Lanes Kalms 3-A-Day 100Pk,ACTIVE,"Healthy Mind & Sleeping Aids, Herbal Remedies, Lanes, pharmacist-review, Sleep & Rest, Supplements > Sleep & Stress",questionnaire-none
gid://shopify/Product/15671373267275,rennie-spearmint-24pk,Rennie Spearmint 24Pk,ACTIVE,"Acid Indigestion & Reflux, Nausea, pharmacist-review, Pharmacy > Stomach & Digestion, Rennie",questionnaire-none
gid://shopify/Product/15671373398347,sudafed-syrup-100ml,Sudafed Syrup 100Ml,ACTIVE,"Blocked Nose & Sinus, pharmacist-review, Pharmacy > Cold & Flu, Sudafed",questionnaire-none
gid://shopify/Product/15671374217547,robitussin-chesty-cough-100ml,Robitussin Chesty Cough 100Ml,ACTIVE,"Cough, pharmacist-review, Pharmacy > Cold & Flu, Robitussin",questionnaire-none
gid://shopify/Product/15671374807371,deep-heat-muscle-rescue-neck-shoulder-cream-50g,Deep Heat Muscle Rescue Neck & Shoulder Cream 50G,ACTIVE,"Deep Heat, Muscle & Joint Pain, pharmacist-review, Pharmacy > Pain Relief",questionnaire-none
gid://shopify/Product/15671375102283,nurofen-express-400mg-maximum-strength-tablet-24p,Nurofen Express 400Mg Maximum Strength Tablet 24P,ACTIVE,"Nurofen, pharmacist-review, Pharmacy > Pain Relief",questionnaire-none
gid://shopify/Product/15671376019787,bausch-lomb-artelac-nighttime-gel-10g,Bausch & Lomb Artelac Nighttime Gel 10G,ACTIVE,"Bausch, Dry Eye, pharmacist-review, Pharmacy > Eye & Ear Care",questionnaire-none
gid://shopify/Product/15671376085323,nicorette-inhaler-15mg-4crt-refl,Nicorette Inhaler 15Mg 4Crt Refl,ACTIVE,"Nicorette, pharmacist-review, Pharmacy > Nicotine Replacement",questionnaire-none
gid://shopify/Product/15671376281931,panadol-night-20pk,Panadol Night 20Pk,ACTIVE,"Healthy Mind & Sleeping Aids, Panadol, pharmacist-review, Pharmacy > Sensitive Conditions, Sleep & Rest",questionnaire-none
gid://shopify/Product/15671376806219,nicorette-inhaler-15mg-20crt-ref,Nicorette Inhaler 15Mg 20Crt Ref,ACTIVE,"Nicorette, pharmacist-review, Pharmacy > Nicotine Replacement",questionnaire-none
gid://shopify/Product/15671377068363,anusol-cream-23g,Anusol Cream 23G,ACTIVE,"Anusol, Haemorrhoids & Piles, pharmacist-review, Pharmacy > Medicated Skincare",questionnaire-none
gid://shopify/Product/15671378084171,bepantiseptic-1st-aid-cream-55g,Bepantiseptic 1St Aid Cream 55G,ACTIVE,"Antiseptics & Wound Cleaning, Bepantiseptic, pharmacist-review, Pharmacy > First Aid",questionnaire-none
gid://shopify/Product/15671378510155,emazole-20mg-tablets-7pk,Emazole 20Mg Tablets 7Pk,ACTIVE,"Acid Indigestion & Reflux, Emazole, Nausea, pharmacist-review, Pharmacy > Stomach & Digestion",questionnaire-none
gid://shopify/Product/15671378870603,zirtek-tabs-10mg-7pk,Zirtek Tabs 10Mg 7Pk,ACTIVE,"pharmacist-review, Pharmacy > Allergy Relief, Zirtek",questionnaire-none
gid://shopify/Product/15671379034443,vicks-comf-plug-in-5-sachet,Vicks Comf Plug In + 5 Sachet,ACTIVE,"pharmacist-review, Pharmacy > Children's Medicine, Vicks",questionnaire-none
gid://shopify/Product/15671380541771,paralief-paracetamol-24pk-blue-clonmel,Paralief Paracetamol 500mg Tablets 24Pk,ACTIVE,"Paralief, pharmacist-review, Pharmacy > Pain Relief",questionnaire-none
gid://shopify/Product/15671381098827,ov-iodine-tincture-30ml,Ov Iodine Tincture 30Ml,ACTIVE,"Antiseptics & Wound Cleaning, Ovelle, pharmacist-review, Pharmacy > First Aid",questionnaire-none
gid://shopify/Product/15671381754187,caldease-30g-nappy-rash-ointment,Caldease 30G Nappy Rash Ointment,ACTIVE,"Baby > Baby Wipes & Changing, Caldease, pharmacist-review",questionnaire-none
gid://shopify/Product/15671382475083,excedrin-tablets-20pk,Excedrin Tablets 20Pk,ACTIVE,"Excedrin, pharmacist-review, Pharmacy > Pain Relief",questionnaire-none
gid://shopify/Product/15671382769995,salactol-wart-paint-10ml,Salactol Wart Paint 10Ml,ACTIVE,"pharmacist-review, Pharmacy > Foot & Nail Care, Salactol, Skintags, Warts & Veruccas",questionnaire-none
gid://shopify/Product/15671383916875,anadin-tabs-24pk,Anadin Tabs 24Pk,ACTIVE,"Anadin, pharmacist-review, Pharmacy > Pain Relief",questionnaire-none
gid://shopify/Product/15671384047947,panadol-actifast-soluble-12pk,Panadol Actifast Soluble 12Pk,ACTIVE,"Panadol, pharmacist-review, Pharmacy > Pain Relief",questionnaire-none
gid://shopify/Product/15671384113483,difflam-spray-30ml,Difflam Spray 30Ml,ACTIVE,"Difflam, pharmacist-review, Pharmacy > Oral Health",questionnaire-none
gid://shopify/Product/15671384605003,difflam-oral-rinse-300ml,Difflam Oral Rinse 300Ml,ACTIVE,"Difflam, pharmacist-review, Pharmacy > Cold & Flu, Sore Throat",questionnaire-none
gid://shopify/Product/15671384834379,maalox-plus-oral-suspension-250ml-lemon,Maalox Plus Oral Suspension 250Ml Lemon,ACTIVE,"Acid Indigestion & Reflux, Maalox, Nausea, pharmacist-review, Pharmacy > Stomach & Digestion",questionnaire-none
gid://shopify/Product/15671384932683,anusol-supp-12pk,Anusol Supp 12Pk,ACTIVE,"Anusol, Haemorrhoids & Piles, pharmacist-review, Pharmacy > Sensitive Conditions",questionnaire-none
gid://shopify/Product/15671385391435,optrex-multi-action-eye-wash-100ml,Optrex Multi Action Eye Wash 100Ml,ACTIVE,"Optrex, pharmacist-review, Pharmacy > Eye & Ear Care",questionnaire-none
gid://shopify/Product/15671385555275,strepsils-honey-lemon-lozenge-36pk,Strepsils Honey & Lemon Lozenge 36Pk,ACTIVE,"pharmacist-review, Pharmacy > Cold & Flu, Sore Throat, Strepsils",questionnaire-none
gid://shopify/Product/15671385751883,dulcolax-tabs-20pk,Dulcolax Tabs 20Pk,ACTIVE,"Constipation, Dulcolax, pharmacist-review, Pharmacy > Stomach & Digestion",questionnaire-none
gid://shopify/Product/15671386997067,anadin-maximum-strength-caps-12pk,Anadin Maximum Strength Caps 12Pk,ACTIVE,"Anadin, pharmacist-review, Pharmacy > Pain Relief",questionnaire-none
gid://shopify/Product/15671387783499,lanes-olbas-oil-28ml,Lanes Olbas Oil 28Ml,ACTIVE,"Blocked Nose & Sinus, Lanes, pharmacist-review, Pharmacy > Cold & Flu",questionnaire-none
gid://shopify/Product/15671388438859,nicorette-freshmint-2mg-105pk,Nicorette Freshmint 2Mg 105Pk,ACTIVE,"Nicorette, pharmacist-review, Pharmacy > Nicotine Replacement",questionnaire-none
gid://shopify/Product/15671388602699,brupro-max-ibuprofen-400mg-tabs-12pk,Brupro Max Ibuprofen 400Mg Tabs 12Pk,ACTIVE,"Brupo, pharmacist-review, Pharmacy > Pain Relief",questionnaire-none
gid://shopify/Product/15671389061451,zirtek-tabs-10mg-30pk,Zirtek Tabs 10Mg 30Pk,ACTIVE,"pharmacist-review, Pharmacy > Allergy Relief, Zirtek",questionnaire-none
gid://shopify/Product/15671389290827,nexium-control-tabs-14pk,Nexium Control Tabs 14Pk,ACTIVE,"Acid Indigestion & Reflux, Nausea, Nexium, pharmacist-review, Pharmacy > Stomach & Digestion",questionnaire-none
gid://shopify/Product/15671389716811,gaviscon-extra-handy-12pk-peppermint,Gaviscon Extra Handy 12Pk Peppermint,ACTIVE,"Acid Indigestion & Reflux, Gaviscon, Nausea, pharmacist-review, Pharmacy > Stomach & Digestion",questionnaire-none
gid://shopify/Product/15671389913419,piriton-tabs-4mg-30pk,Piriton Tabs 4Mg 30Pk,ACTIVE,"pharmacist-review, Pharmacy > Allergy Relief, Piriton",questionnaire-none
gid://shopify/Product/15671390142795,brupro-ibuprofen-200mg-tabs-48pk,Brupro Ibuprofen 200Mg Tabs 48Pk,ACTIVE,"Brupo, pharmacist-review, Pharmacy > Pain Relief",questionnaire-none
gid://shopify/Product/15671390568779,casacol-expectorant-syrup-300ml,Casacol Expectorant Syrup 300Ml,ACTIVE,"Casacol, Cough, pharmacist-review, Pharmacy > Cold & Flu",questionnaire-none
gid://shopify/Product/15671391224139,uniflu-with-vitamin-c-tablets-24pk,Uniflu With Vitamin C Tablets 24Pk,ACTIVE,"Cold & Flu Combination Products, no-welcome-discount, pharmacist-review, Pharmacy > Cold & Flu, Uniflu",questionnaire-none
gid://shopify/Product/15671391322443,senokot-tablets-60pk,Senokot Tablets 60Pk,ACTIVE,"Constipation, pharmacist-review, Pharmacy > Stomach & Digestion, Senokot",questionnaire-none
gid://shopify/Product/15671391519051,nurofen-child-6-200ml-spn-orange,Nurofen Child 6+ 200Ml Spn Orange,ACTIVE,"Baby & Children Pain Relief, Nurofen, pharmacist-review, Pharmacy > Children's Medicine",questionnaire-none
gid://shopify/Product/15671391748427,phenergan-elixir-100ml,Phenergan Elixir 100Ml,ACTIVE,"pharmacist-review, Pharmacy > Allergy Relief, Phenergan",questionnaire-none
gid://shopify/Product/15671391813963,flixonase-nasal-spray,Flixonase Nasal Spray,ACTIVE,"Flixonase, pharmacist-review, Pharmacy > Allergy Relief",questionnaire-none
gid://shopify/Product/15671392305483,nicorette-cools-2mg-loz-20pk,Nicorette Cools 2Mg Loz 20Pk,ACTIVE,"Nicorette, pharmacist-review, Pharmacy > Nicotine Replacement",questionnaire-none
gid://shopify/Product/15671392371019,otrivine-adult-sinusitis-10ml-measured-dose,Otrivine Adult Sinusitis 10Ml Measured Dose,ACTIVE,"Blocked Nose & Sinus, Otrivine, pharmacist-review, Pharmacy > Allergy Relief",questionnaire-none
gid://shopify/Product/15671392633163,acic-5-cream-2g,Acic 5% Cream 2G,ACTIVE,"Acic, Mouth Ulcers & Cold Sores, pharmacist-review, Pharmacy > Oral Health",questionnaire-none
gid://shopify/Product/15671394304331,e45-cream-50g,E45 Cream 50G,ACTIVE,"Dry Skin, E45, Eczema & Psoriasis, Irritated & Damaged Skin, pharmacist-review, Skincare > Body Care",questionnaire-none
gid://shopify/Product/15671394697547,sudocrem-tub-125g,Sudocrem Tub 125G,ACTIVE,"Baby > Baby Wipes & Changing, pharmacist-review, Sudocrem",questionnaire-none
gid://shopify/Product/15671394763083,easolief-duo-500-150mg-tabs-paracetamol-ibuprofen,Easolief Duo 500/150Mg Tabs Paracetamol/Ibuprofen,ACTIVE,"Easolief, pharmacist-review, Pharmacy > Pain Relief",questionnaire-none
gid://shopify/Product/15671394992459,avogel-echinaforce-cold-flu-drops-100ml,Avogel Echinaforce Cold & Flu Drops 100Ml,ACTIVE,"A.VOGEL, Herbal Remedies, pharmacist-review, Pharmacy > Cold & Flu",questionnaire-none
gid://shopify/Product/15671396204875,lemsip-max-sinus-flu-hot-lemon-10pk,Lemsip Max Sinus & Flu Hot Lemon 10Pk,ACTIVE,"Blocked Nose & Sinus, Cold & Flu Combination Products, Lemsip, pharmacist-review, Pharmacy > Cold & Flu",questionnaire-none
gid://shopify/Product/15671396499787,nurofen-child-6-200ml-spn-strawberry,Nurofen Child 6+ 200Ml Spn Strawberry,ACTIVE,"Baby & Children Pain Relief, Nurofen, pharmacist-review, Pharmacy > Children's Medicine",questionnaire-none
gid://shopify/Product/15671396761931,strepsils-plus-20ml-throat-spray,Strepsils Plus 20Ml Throat Spray,ACTIVE,"pharmacist-review, Pharmacy > Cold & Flu, Sore Throat, Strepsils",questionnaire-none
gid://shopify/Product/15671397024075,benylin-100ml-dry-dual-action,Benylin 100Ml Dry Dual Action,ACTIVE,"Benylin, Cough, pharmacist-review, Pharmacy > Cold & Flu",questionnaire-none
gid://shopify/Product/15671398039883,voltarol-2-extra-strength-gel-50g,Voltarol 2% Extra Strength Gel 50G,ACTIVE,"pharmacist-review, Pharmacy > Medicated Skincare, Voltarol",questionnaire-none
gid://shopify/Product/15671399153995,nurofen-child-7-soft-chewable-caps-12pk-orange,Nurofen Child 7+ Soft Chewable Caps 12Pk Orange,ACTIVE,"Baby & Children Pain Relief, Nurofen, pharmacist-review, Pharmacy > Children's Medicine",questionnaire-none
gid://shopify/Product/15671400038731,zovirax-cream-pump-2g,Zovirax Cream Pump 2G,ACTIVE,"Mouth Ulcers & Cold Sores, pharmacist-review, Pharmacy > Oral Health, Zovirax",questionnaire-none
gid://shopify/Product/15671400595787,anti-hist-oral-solution-200ml-1mg-1ml,Anti-Hist Oral Solution 200Ml 1Mg/1Ml,ACTIVE,"Anti Hist, pharmacist-review, Pharmacy > Allergy Relief",questionnaire-none
gid://shopify/Product/15671401546059,benylin-child-125ml-chesty-n-d,Benylin Child 125Ml Chesty N/D,ACTIVE,"Benylin, Cough, pharmacist-review, Pharmacy > Children's Medicine",questionnaire-none
gid://shopify/Product/15671403643211,alka-seltzer-10pk-lemon,Alka Seltzer 10Pk Lemon,ACTIVE,"Acid Indigestion & Reflux, Alka Seltzer, Nausea, pharmacist-review, Pharmacy > Stomach & Digestion",questionnaire-none
gid://shopify/Product/15671403872587,lemsip-max-cold-flu-hot-lemon-10pk,Lemsip Max Cold & Flu Hot Lemon 10Pk,ACTIVE,"Cold & Flu Combination Products, Lemsip, pharmacist-review, Pharmacy > Cold & Flu",questionnaire-none
gid://shopify/Product/15671404069195,nurofen-child-strawberry-oral-suspension-w-spoon-200ml,Nurofen Child Strawberry Oral Suspension W/Spoon 200Ml,ACTIVE,"Baby & Children Pain Relief, Nurofen, pharmacist-review, Pharmacy > Children's Medicine",questionnaire-none
gid://shopify/Product/15671404429643,fybogel-orange-30pk,Fybogel Orange 30Pk,ACTIVE,"Constipation, Fybogel, pharmacist-review, Pharmacy > Stomach & Digestion",questionnaire-none
gid://shopify/Product/15671404626251,daktarin-2-powder-20g,Daktarin 2% Powder 20G,ACTIVE,"Athletes Foot, Daktarin, pharmacist-review, Pharmacy > Foot & Nail Care, Thrush & Antifungal",questionnaire-none
gid://shopify/Product/15671404921163,nicorette-icy-white-4mg-30pk,Nicorette Icy White 4Mg 30Pk,ACTIVE,"Nicorette, pharmacist-review, Pharmacy > Nicotine Replacement",questionnaire-none
gid://shopify/Product/15671405019467,rowarolan-powder-20g,Rowarolan Powder 20G,ACTIVE,"Antiseptics & Wound Cleaning, pharmacist-review, Pharmacy > First Aid, Rowarolan",questionnaire-none
gid://shopify/Product/15671405117771,nurofen-tablets-24pk,Nurofen Tablets 24Pk,ACTIVE,"Nurofen, pharmacist-review, Pharmacy > Pain Relief",questionnaire-none
gid://shopify/Product/15671405314379,colpermin-caps-20pk,Colpermin Caps 20Pk,ACTIVE,"Colpermin, Cramping & Irritable Bowel, pharmacist-review, Pharmacy > Stomach & Digestion",questionnaire-none
gid://shopify/Product/15671405969739,murine-dry-tired-drops-15ml,Murine Dry & Tired Drops 15Ml,ACTIVE,"Dry Eye, Murine, pharmacist-review, Pharmacy > Eye & Ear Care",questionnaire-none
gid://shopify/Product/15671407411531,panadol-extra-soluble-24pk,Panadol Extra Soluble 24Pk,ACTIVE,"Panadol, pharmacist-review, Pharmacy > Pain Relief",questionnaire-none
gid://shopify/Product/15671407542603,glycerol-supp-bp-adult-4g-12pk,Glycerol Supp Bp Adult 4G 12Pk,ACTIVE,"Glycerol, pharmacist-review, Pharmacy > Pain Relief",questionnaire-none
gid://shopify/Product/15671408165195,gaviscon-extra-150ml-mint,Gaviscon Extra 150Ml Mint,ACTIVE,"Acid Indigestion & Reflux, Gaviscon, Nausea, pharmacist-review, Pharmacy > Stomach & Digestion",questionnaire-none
gid://shopify/Product/15671408722251,gaviscon-aniseed-liquid-600ml,Gaviscon Aniseed Liquid 600Ml,ACTIVE,"Acid Indigestion & Reflux, Gaviscon, Nausea, pharmacist-review, Pharmacy > Stomach & Digestion",questionnaire-none
gid://shopify/Product/15671408951627,buplex-ibuprofen-400mg-tabs-24pk,Buplex Ibuprofen 400Mg Tabs 24Pk,ACTIVE,"Buplex, pharmacist-review, Pharmacy > First Aid",questionnaire-none
gid://shopify/Product/15671408984395,fleaway-plus-large-dog,Fleaway Plus Large Dog,ACTIVE,"Fleaway Plus, pharmacist-review, Pharmacy > Companion Animal",questionnaire-none
gid://shopify/Product/15671409213771,lyclear-cream-rinse-1-59ml-2pk,Lyclear Cream Rinse 1% 59Ml 2Pk,ACTIVE,"Headlice, Lyclear, pharmacist-review, Pharmacy > Sensitive Conditions",questionnaire-none
gid://shopify/Product/15671410229579,tefin-150mg-ibuprofen-suppositories,Tefin 150Mg Ibuprofen Suppositories,ACTIVE,"Baby & Children Pain Relief, pharmacist-review, Pharmacy > Children's Medicine, Tefin",questionnaire-none
gid://shopify/Product/15671411376459,nelsons-arnicare-50g-cream,Nelsons Arnicare 50G Cream,ACTIVE,"Nelsons, no-welcome-discount, pharmacist-review, Pharmacy > First Aid",questionnaire-none
gid://shopify/Product/15671412916555,optrex-actimist-10ml-eye-spray-2n1-itchy,Optrex Actimist 10Ml Eye Spray 2N1 Itchy,ACTIVE,"Dry Eye, Optrex, pharmacist-review, Pharmacy > Eye & Ear Care",questionnaire-none
gid://shopify/Product/15671413309771,deep-heat-cream-35g,Deep Heat Cream 35G,ACTIVE,"Deep Heat, Muscle & Joint Pain, pharmacist-review, Pharmacy > Pain Relief",questionnaire-none
gid://shopify/Product/15671413735755,capasal-therapeutic-shampoo-250ml,Capasal Therapeutic Shampoo 250Ml,ACTIVE,"Capasal, pharmacist-review, Toiletries > Hair Care",questionnaire-none
gid://shopify/Product/15671415406923,ov-calamine-lotion-200ml,Ov Calamine Lotion 200Ml,ACTIVE,"Ovelle, pharmacist-review, Skincare > Body Care",questionnaire-none
gid://shopify/Product/15671415767371,zirtek-oral-solution-1mg-ml-100ml,Zirtek Oral Solution 1Mg/Ml 100Ml,ACTIVE,"pharmacist-review, Pharmacy > Allergy Relief, Zirtek",questionnaire-none
gid://shopify/Product/15671416586571,strepsils-intensive-orange-sf-lozenge-16pk,Strepsils Intensive Orange Sf Lozenge 16Pk,ACTIVE,"pharmacist-review, Pharmacy > Cold & Flu, Sore Throat, Strepsils",questionnaire-none
gid://shopify/Product/15671416750411,carnation-callous-caps-2pk,Carnation Callous Caps 2Pk,ACTIVE,"Carnation, Corn & Callous Care, pharmacist-review, Pharmacy > Foot & Nail Care",questionnaire-none
gid://shopify/Product/15671418749259,panadol-extra-12pk,Panadol Extra 12Pk,ACTIVE,"Panadol, pharmacist-review, Pharmacy > Pain Relief",questionnaire-none
gid://shopify/Product/15671423893835,vermox-100mg-5ml-oral-suspension-30ml,Vermox 100Mg/5Ml Oral Suspension 30Ml,ACTIVE,"pharmacist-review, Pharmacy > Sensitive Conditions, Vermox",questionnaire-none
gid://shopify/Product/15671424057675,paralink-500mg-supp-10pk,Paralink 500Mg Supp 10Pk,ACTIVE,"Baby & Children Pain Relief, Paralink, pharmacist-review, Pharmacy > Children's Medicine",questionnaire-none
gid://shopify/Product/15671424713035,panadol-ets-tabs-12pk,Panadol Ets Tabs 12Pk,ACTIVE,"Panadol, pharmacist-review, Pharmacy > Pain Relief",questionnaire-none
gid://shopify/Product/15671424844107,lorat-10mg-tabs-7pk,Lorat 10Mg Tabs 7Pk,ACTIVE,"Lorat, pharmacist-review, Pharmacy > Allergy Relief",questionnaire-none
gid://shopify/Product/15671425007947,exputex-syrup-300ml,Exputex Syrup 300Ml,ACTIVE,"Cough, Exputex, pharmacist-review, Pharmacy > Cold & Flu",questionnaire-none
gid://shopify/Product/15671426318667,capasal-therapeutic-shampoo-100ml,Capasal Therapeutic Shampoo 100Ml,ACTIVE,"Capasal, pharmacist-review, Toiletries > Hair Care",questionnaire-none
gid://shopify/Product/15671426449739,arret-2mg-hard-capsules-6pk,Arret 2Mg Hard Capsules 6Pk,ACTIVE,"Arret, Diarrhoea, pharmacist-review, Pharmacy > Stomach & Digestion",questionnaire-none
gid://shopify/Product/15671426482507,tefin-75mg-ibuprofen-suppositories,Tefin 75Mg Ibuprofen Suppositories,DRAFT,"Baby & Children Pain Relief, pharmacist-review, Pharmacy > Children's Medicine, Tefin",questionnaire-none
gid://shopify/Product/15671426810187,oilatum-500ml,Oilatum 500Ml,ACTIVE,"Oilatum, pharmacist-review, Toiletries > Bath & Shower",questionnaire-none
gid://shopify/Product/15671426908491,carnation-corn-caps-5pk,Carnation Corn Caps 5Pk,ACTIVE,"Carnation, Corn & Callous Care, pharmacist-review, Pharmacy > Foot & Nail Care",questionnaire-none
gid://shopify/Product/15671427006795,anti-hist-allergy-10mg-tabs-30pk,Anti Hist Allergy 10Mg Tabs 30Pk,ACTIVE,"Anti Hist, pharmacist-review, Pharmacy > Allergy Relief",questionnaire-none
gid://shopify/Product/15671427105099,exputex-syrup-200ml,Exputex Syrup 200Ml,ACTIVE,"Cough, Exputex, pharmacist-review, Pharmacy > Cold & Flu",questionnaire-none
gid://shopify/Product/15671427989835,anusol-suppositories-24pk,Anusol Suppositories 24Pk,ACTIVE,"Anusol, Haemorrhoids & Piles, pharmacist-review, Pharmacy > Sensitive Conditions",questionnaire-none
gid://shopify/Product/15671428120907,voltarol-1-emulgel-p-50g,Voltarol 1% Emulgel P 50G,ACTIVE,"Muscle & Joint Pain, pharmacist-review, Pharmacy > Pain Relief, Voltarol",questionnaire-none
gid://shopify/Product/15671428153675,exputex-syrup-100ml,Exputex Syrup 100Ml,ACTIVE,"Cough, Exputex, pharmacist-review, Pharmacy > Cold & Flu",questionnaire-none
gid://shopify/Product/15671428448587,advil-cold-flu-20pk,Advil Cold & Flu 20Pk,ACTIVE,"Advil, Cold & Flu Combination Products, pharmacist-review, Pharmacy > Cold & Flu",questionnaire-none
gid://shopify/Product/16024782438731,deep-heat-spray-72-5ml,Deep Heat Spray 72.5Ml,ACTIVE,"Muscle & Joint Pain, Pain Relief, pharmacist-review, Pharmacy",questionnaire-none
gid://shopify/Product/16024784044363,e45-cream-125g,E45 Cream 125G,ACTIVE,"Body Care, Dry Skin, Eczema & Psoriasis, Irritated & Damaged Skin, pharmacist-review, Skincare",questionnaire-none
gid://shopify/Product/16024784306507,ov-emulsifying-oint-500g,Ov Emulsifying Oint 500G,ACTIVE,"Body Care, pharmacist-review, Skincare",questionnaire-none
gid://shopify/Product/16024785387851,calpol-6-fastmelts-12pk,Calpol 6+ Fastmelts 12Pk,ACTIVE,"Children's Medicine, pharmacist-review, Pharmacy",questionnaire-none
gid://shopify/Product/16024785486155,canesten-combi-500mg-gel-pessary-2-cream-10g,Canesten Combi 500Mg Gel Pessary & 2% Cream 10G,ACTIVE,"pharmacist-review, Pharmacy, Thrush & Antifungal, Women's Health",questionnaire-none
gid://shopify/Product/16024785518923,calpol-infant-sf-140ml-spoon-syringe-s-berry-susp,Calpol Infant Sf 140Ml Spoon Syringe S/Berry Susp,ACTIVE,"Baby & Children Pain Relief, Children's Medicine, pharmacist-review, Pharmacy",questionnaire-none
gid://shopify/Product/16024786174283,ov-silcocks-base-500g,Ov Silcocks Base 500G,ACTIVE,"Body Care, Dry Skin, Eczema & Psoriasis, pharmacist-review, Skincare",questionnaire-none
