Product,Brand,Handle,On the website,Stock count
Azio Beauty Pollution Defense Cleanser,Azio Beauty,azio-beauty-pollution-defense-cleanser,Yes,0
Azio Beuty Refining Micro Exfoliator,Azio Beauty,azio-beuty-refining-micro-exfoliator,Yes,0
BPerfect Chroma Cover Matte Foundation - N5,BPerfect,bperfect-chroma-cover-matte-foundation-n5,Yes,0
BPerfect Chroma Cover Matte Foundation - W2,BPerfect,bperfect-chroma-cover-matte-foundation-w2,Yes,0
Bperfect Tan Studio Instant Aerosol Tan Dark 125ml,BPerfect,bperfect-tan-studio-instant-aerosol-tan-dark-125ml,Yes,0
Bperfect Tan Studio Instant Aerosol Tan Medium 125ml,BPerfect,bperfect-tan-studio-instant-aerosol-tan-medium-125ml,Yes,0
Bperfect Tan Studio Instant Aerosol Tan Ultra Dark 125ml,BPerfect,bperfect-tan-studio-instant-aerosol-tan-ultra-dark-125ml,Yes,0
Bperfect Tan Studio Self Tanning Body Butter Dark 200ml,BPerfect,bperfect-tan-studio-self-tanning-body-butter-dark-200ml,Yes,0
Bperfect Tan Studio Self Tanning Oil Medium 150ml,BPerfect,bperfect-tan-studio-self-tanning-oil-medium-150ml,Yes,0
Bperfect Tan Studio Tanning Facial Mist Light-Medium 150ml,BPerfect,bperfect-tan-studio-tanning-facial-mist-light-medium-150ml,Yes,0
Bperfect Tan Studio Tanning Liquid Dark 175ml,BPerfect,bperfect-tan-studio-tanning-liquid-dark-175ml,Yes,0
Bperfect Tan Studio Tanning Mousse Ultra Dark 200ml,BPerfect,bperfect-tan-studio-tanning-mousse-ultra-dark-200ml,Yes,0
Beauty of Joseon Ginseng Cleansing Oil 210ml,Beauty of Joseon,beauty-of-joseon-ginseng-cleansing-oil-210ml,Yes,0
Beauty of Joseon Glow Deep Serum 30ml,Beauty of Joseon,beauty-of-joseon-glow-deep-serum-30ml,Yes,0
Beauty of Joseon Red Bean Refreshing Pore Mask 140ml,Beauty of Joseon,beauty-of-joseon-red-bean-refreshing-pore-mask-140ml,Yes,0
Beauty of Joseon Rice & Prebiotic Sunscreen Spf50+ 50ml,Beauty of Joseon,beauty-of-joseon-rice-prebiotic-sunscreen-spf50-50ml,Yes,0
Biodance Cera-Nol Gel Toner Pads 60's,Biodance,biodance-cera-nol-gel-toner-pads-60s,Yes,0
Biodance Collagen Gel Toner Pads 60's,Biodance,biodance-collagen-gel-toner-pads-60s,Yes,0
Biodance Hydro Cera-Nol Real Deep Mask 4 Pack,Biodance,biodance-hydro-cera-nol-real-deep-mask-4-pack,Yes,0
Cali Coast Wave Whip Shower Foam Berry Breeze 250ml,Cali Coast,cali-coast-wave-whip-shower-foam-berry-breeze-250ml,Yes,0
Cali Coast Wave Whip Shower Foam Orange Sunset 250ml,Cali Coast,cali-coast-wave-whip-shower-foam-orange-sunset-250ml,Yes,0
Cali Coast Wave Whip Shower Foam Passionfruit Sunrise 250ml,Cali Coast,cali-coast-wave-whip-shower-foam-passionfruit-sunrise-250ml,Yes,0
Cali Coast Wave Whip Shower Foam Pomegranate Paradise 250ml,Cali Coast,cali-coast-wave-whip-shower-foam-pomegranate-paradise-250ml,Yes,0
COCOA BROWN 1 HOUR TAN MOUSSE MEDIUM 150ML,Cocoa Brown,cocoa-brown-1-hour-tan-mousse-medium-150ml,Yes,0
Formoline L112 Extra Weight Management 64 Tablets,Formoline,formoline-l112-extra-weight-management-64-tablets,Yes,0
Gosh! Beige Rabbit Softie 30cm,Gosh!,gosh-beige-rabbit-softie-30cm,Yes,0
Gosh! Blue Bunny Softie 30cm,Gosh!,gosh-blue-bunny-softie-30cm,Yes,0
Gosh! Crocodile Softie 30cm,Gosh!,gosh-crocodile-softie-30cm,Yes,0
Gosh! Duck Softie 20cm,Gosh!,gosh-duck-softie-20cm,Yes,0
Gosh! Goose Softie 30cm,Gosh!,gosh-goose-softie-30cm,Yes,0
Gosh! Hen Softie 30cm,Gosh!,gosh-hen-softie-30cm,Yes,0
Gosh! Mallard Softie 30cm,Gosh!,gosh-mallard-softie-30cm,Yes,0
Gosh! Pink Bunny Softie 30cm,Gosh!,gosh-pink-bunny-softie-30cm,Yes,0
Gosh! Sheep Softie 30cm,Gosh!,gosh-sheep-softie-30cm,Yes,0
Gosh! Tiger Softie 30cm,Gosh!,gosh-tiger-softie-30cm,Yes,0
Gosh! Unicorn Softie 30cm,Gosh!,gosh-unicorn-softie-30cm,Yes,0
Hygie Crisp Apple Hydrating Hand Cleanser 35ml,Hygie,hygie-crisp-apple-hydrating-hand-cleanser-35ml,Yes,0
Hygie Sugared Plum Hydrating Hand Cleanser 35ml,Hygie,hygie-sugared-plum-hydrating-hand-cleanser-35ml,Yes,0
Hygie Sweet Clementine Hydrating Hand Cleanser 35ml,Hygie,hygie-sweet-clementine-hydrating-hand-cleanser-35ml,Yes,0
Hygie Wild Raspberry Hydrating Hand Cleanser 35ml,Hygie,hygie-wild-raspberry-hydrating-hand-cleanser-35ml,Yes,0
La Vida Caribena Guava Glow Hydrating Body Fragrance Mist 35ml,La Vida Caribena,la-vida-caribena-guava-glow-hydrating-body-fragrance-mist-35ml,Yes,0
La Vida Caribena Island Vibes Hydrating Body Fragrance Mist 35ml,La Vida Caribena,la-vida-caribena-island-vibes-hydrating-body-fragrance-mist-35ml,Yes,0
La Vida Caribena Papaya Sunset Hydrating Body Fragrance Mist 35ml,La Vida Caribena,la-vida-caribena-papaya-sunset-hydrating-body-fragrance-mist-35ml,Yes,0
La Vida Caribena Tropical Nights Hydrating Body Fragrance Mist 35ml,La Vida Caribena,la-vida-caribena-tropical-nights-hydrating-body-fragrance-mist-35ml,Yes,0
Laneige Lip Sleeping Mask Berry 20g,Laneige,laneige-lip-sleeping-mask-berry-20g,Yes,0
Laneige Water Sleeping Mask 70ml,Laneige,laneige-water-sleeping-mask-70ml,Yes,0
Foot Soak Bundle,McCormack's Pharmacy,foot-soak-bundle,Yes,0
Medicube Collagen Night Wrapping Mask 75ml,Medicube,medicube-collagen-night-wrapping-mask-75ml,Yes,0
Medicube Zero Pore Pad 2.0 70's,Medicube,medicube-zero-pore-pad-2-0-70s,Yes,0
Nivea Sun Babies & Kids Sensitive Protect SPF 50+ Water Resistant Lotion 200ml,Nivea,nivea-sun-babies-kids-sensitive-protect-spf-50-water-resistant-lotion-200ml,Yes,0
Nivea Sun Babies & Kids Sensitive Protect SPF 50+ Water Resistant Spray 200ml,Nivea,nivea-sun-babies-kids-sensitive-protect-spf-50-water-resistant-spray-200ml,Yes,0
Nivea Sun Protect & Mositure SPF 20 Water Resistant Lotion 200ml,Nivea,nivea-sun-protect-mositure-spf-20-water-resistant-lotion-200ml,Yes,0
Nivea Sun Protect & Mositure SPF 20 Water Resistant Spray 200ml,Nivea,nivea-sun-protect-mositure-spf-20-water-resistant-spray-200ml,Yes,0
Papilocare Vaginal Gel,Papilocare,papilocare-vaginal-gel,Yes,0
Piz Buin After Sun Tan Intensifying Moisturising Lotion 200ml,Piz Buin,piz-buin-after-sun-tan-intensifying-moisturising-lotion-200ml,Yes,0
Piz Buin Allergy Sun Sensitive Skin Lotion SPF 30 200ml,Piz Buin,piz-buin-allergy-sun-sensitive-skin-lotion-spf-30-200ml,Yes,0
Piz Buin Allergy Sun Sensitive Skin Lotion SPF 30 400ml,Piz Buin,piz-buin-allergy-sun-sensitive-skin-lotion-spf-30-400ml,Yes,0
Piz Buin Allergy Sun Sensitive Skin Lotion SPF 50+ 200ml,Piz Buin,piz-buin-allergy-sun-sensitive-skin-lotion-spf-50-200ml,Yes,0
Piz Buin Allergy Sun Sensitive Skin Lotion SPF 50+ 400ml,Piz Buin,piz-buin-allergy-sun-sensitive-skin-lotion-spf-50-400ml,Yes,0
Piz Buin Tan & Protect Tan Intensifying Sun Spray SPF 30 150ml,Piz Buin,piz-buin-tan-protect-tan-intensifying-sun-spray-spf-30-150ml,Yes,0
Pure by Coppercraft Magnetic Bracelet CMB09,Pure by Coppercraft,pure-by-coppercraft-magnetic-bracelet-cmb09,Yes,0
Pure by Coppercraft Magnetic Bracelet CMB21,Pure by Coppercraft,pure-by-coppercraft-magnetic-bracelet-cmb21,Yes,0
Pure by Coppercraft Magnetic Bracelet CMB22,Pure by Coppercraft,pure-by-coppercraft-magnetic-bracelet-cmb22,Yes,0
Pure by Coppercraft Magnetic Bracelet CMB31,Pure by Coppercraft,pure-by-coppercraft-magnetic-bracelet-cmb31,Yes,0
SCULPTED LIQUID LIGHTS WARM,Sculpted By Aimee,sculpted-liquid-lights-warm,Yes,0
Sculpted Cream Luxe Blush Dusty Rose,Sculpted By Aimee,sculpted-cream-luxe-blush-dusty-rose,Yes,0
Sculpted Cream Luxe Blush Pink Supreme,Sculpted By Aimee,sculpted-cream-luxe-blush-pink-supreme,Yes,0
Sculpted Cream Luxe Bronze Shade Light,Sculpted By Aimee,sculpted-cream-luxe-bronze-shade-light,Yes,0
Sculpted Cream Luxe Bronze Shade Medium,Sculpted By Aimee,sculpted-cream-luxe-bronze-shade-medium,Yes,0
Sculpted Cream Luxe Highlight Champagne Cream,Sculpted By Aimee,sculpted-cream-luxe-highlight-champagne-cream,Yes,0
SoSu Mystery Box,Sosu,sosu-mystery-box,Yes,0
Uddermint Cream 600ml,Uddermint,uddermint-cream-600ml,Yes,0
Veet Expert Wax Strips Sensitive Legs and Body 20pk,Veet,veet-expert-wax-strips-sensitive-legs-and-body-20pk,Yes,0
Wartner Wart & Verruca Cryo Freeze Pen,Wartner,wartner-wart-verruca-cryo-freeze-pen,Yes,0
