id,handle,title,status,vendor,product_type,tags,on_shop,on_online_store,change
gid://shopify/Product/15671314252107,carnation-heel-grips,Carnation Heel Grips,ACTIVE,Carnation,Pharmacy > Foot & Nail Care,Carnation|pharmacist-review|Pharmacy > Foot & Nail Care,False,True,untag
gid://shopify/Product/15671327621451,carnation-gel-toe-separators-2pk,Carnation Gel Toe Separators 2Pk,ACTIVE,Carnation,Pharmacy > Foot & Nail Care,Carnation|pharmacist-review|Pharmacy > Foot & Nail Care,False,True,untag
gid://shopify/Product/15671382311243,carnation-animal-wool,Carnation Animal Wool,ACTIVE,Carnation,Pharmacy > Foot & Nail Care,Carnation|pharmacist-review|Pharmacy > Foot & Nail Care,False,True,untag
gid://shopify/Product/15671411671371,carnation-hydrocolloid-blister-t,Carnation Hydrocolloid Blister Care,ACTIVE,Carnation,Pharmacy > Foot & Nail Care,Carnation|pharmacist-review|Pharmacy > Foot & Nail Care,False,True,untag
gid://shopify/Product/15671412457803,carnation-corn-pads-9pk,Carnation Corn Pads 9Pk,ACTIVE,Carnation,Pharmacy > Foot & Nail Care,Carnation|pharmacist-review|Pharmacy > Foot & Nail Care,False,True,untag
gid://shopify/Product/15671423336779,carnation-fleecy-stretch-padding,Carnation Fleecy Stretch Padding,ACTIVE,Carnation,Pharmacy > Foot & Nail Care,Carnation|pharmacist-review|Pharmacy > Foot & Nail Care,False,True,untag
gid://shopify/Product/15671424450891,carnation-chiropody-felt,Carnation Chiropody Felt,ACTIVE,Carnation,Pharmacy > Foot & Nail Care,Carnation|pharmacist-review|Pharmacy > Foot & Nail Care,False,True,untag
gid://shopify/Product/15671427825995,carnation-corn-shields,Carnation Corn Shields,ACTIVE,Carnation,Pharmacy > First Aid,Carnation|pharmacist-review|Pharmacy > First Aid,False,True,untag
gid://shopify/Product/15671323951435,calpol-vapour-plug-nightlight,Calpol Vapour Plug & Nightlight,ACTIVE,Calpol,Pharmacy > Children's Medicine,Calpol|Pharmacy > Children's Medicine,False,True,retype
gid://shopify/Product/15671346135371,calpol-vapour-refill-pads-5pk,Calpol Vapour Refill Pads 5Pk,ACTIVE,Calpol,Pharmacy > Children's Medicine,Calpol|Pharmacy > Children's Medicine,False,True,retype
gid://shopify/Product/15671413735755,capasal-therapeutic-shampoo-250ml,Capasal Therapeutic Shampoo 250Ml,ACTIVE,Capasal,Pharmacy > Medicated Skincare,Canesten|pharmacist-review|Toiletries > Hair Care,False,True,tagswap
