id,handle,title,updated_at_before,description_html_before,description_html_after,source
gid://shopify/Product/15671257825611,dettol-antiseptic-liquid-750ml,Dettol Antiseptic Liquid 750Ml,2026-09-27T19:59:05Z,"<p>Dettol Liquid. Contains chloroxylenol. For antiseptic cleansing of minor wounds caused by cuts, bites, grazes, insect stings and for personal hygiene. Always read the label. A house is not a home without a bottle of iconic Dettol Antiseptic Liquid. First Aid Antiseptic wound cleaning for cuts, grazes, bites and stings Personal Hygiene Can be used to treat pimples and dandruff Use Dettol Antiseptic Liquid on cuts, scratches and insect bites to kill germs and</p>","<p>Dettol Liquid. Contains chloroxylenol. For antiseptic cleansing of minor wounds caused by cuts, bites, grazes, insect stings and for personal hygiene. Always read the label. A house is not a home without a bottle of iconic Dettol Antiseptic Liquid. First Aid Antiseptic wound cleaning for cuts, grazes, bites and stings Personal Hygiene Can be used to treat pimples and dandruff Use Dettol Antiseptic Liquid on cuts, scratches and insect bites to kill germs and protect against infection. Always use as directed.</p>",https://www.mccormackspharmacy.ie/p/dettol-antiseptic-liquid-750ml/50158225
gid://shopify/Product/15671259726155,regaine-men-foam-5-3pk,Regaine Men Foam 5% 3Pk,2026-09-27T19:59:05Z,"<p>Combat the effects of hair loss with the Regaine for Men Extra Strength Hair Regrowth Foam; an easy-to-use treatment developed for men with thinning hair. The treatment utilises Minoxidil, a coveted ingredient that stimulates and supports healthy hair growth by increasing the bloody supply to the hair follicles. As a result of this, existing hair is strengthened and secondary hair growth is encouraged. Ideal for those with a family history of hair loss, or people suffering from thinning at the t</p>","<p>Combat the effects of hair loss with the Regaine for Men Extra Strength Hair Regrowth Foam; an easy-to-use treatment developed for men with thinning hair. The treatment utilises Minoxidil, a coveted ingredient that stimulates and supports healthy hair growth by increasing the bloody supply to the hair follicles. As a result of this, existing hair is strengthened and secondary hair growth is encouraged. Ideal for those with a family history of hair loss, or people suffering from thinning at the top of the scalp, the potent solution works tirelessly to prevent further loss, whilst encouraging healthy hair growth in men from age 18 to 49. Designed to be massaged into the scalp twice a day, the Regrowth Foam will not deliver instant results, but improvements should be noticeable within two months</p>",https://www.mccormackspharmacy.ie/p/regaine-men-foam-5-3pk/3574661023700
gid://shopify/Product/15671278567755,canesten-2-thrush-cream-20g,Canesten 2% Thrush Cream 20G,2026-09-27T19:59:09Z,"<p>Canesten Thrush External Cream relieves irritation of the vulva (vulvitis) which is caused by vaginal thrush (candidiasis). Although this cream provides relief from the external irritation caused by vaginal thrush, it cannot treat any internal (vaginal) cause of the infection. Ask your doctor or pharmacist to recommend a treatment for this. Only use this product if you have been previously diagnosed by your doctor as having vaginal thrush. Some women suffer from recurrent attacks of thrush. To r</p>","<p>Canesten Thrush External Cream relieves irritation of the vulva (vulvitis) which is caused by vaginal thrush (candidiasis). Although this cream provides relief from the external irritation caused by vaginal thrush, it cannot treat any internal (vaginal) cause of the infection. Ask your doctor or pharmacist to recommend a treatment for this. Only use this product if you have been previously diagnosed by your doctor as having vaginal thrush. Some women suffer from recurrent attacks of thrush. To reduce the frequency of these attacks, the sexual partner’s penis can be treated with this cream to prevent re-infection, even if they have no symptoms of thrush. The active substance in Canesten Thrush External Cream is clotrimazole. Clotrimazole belongs to a group of medicines called azoles and is an antifungal agent which fights the cause of infections such as vaginal thrush Directions:</p>",https://www.mccormackspharmacy.ie/p/canesten-2-thrush-cream-20g/5010605950094
gid://shopify/Product/15671279190347,easofen-child-3m-100ml-strawberry,Easofen Child 3M+ 100Ml Strawberry,2026-09-27T19:59:09Z,"<p>Easofen for Children contains ibuprofen, which is a painkiller and non-steroidal anti-inflammatory for babies, toddlers and children aged from 3 months. This strawberry flavoured oral suspension is pleasant tasting and the dosing syringe included makes it easy to measure and administer. This medicine is designed to help bring down a high temperature (fever and post-immunisation fever), relieve the symptoms of cold and flu and relieve pain from headaches, sore throats, ear ache, minor aches and s</p>","<p>Easofen for Children contains ibuprofen, which is a painkiller and non-steroidal anti-inflammatory for babies, toddlers and children aged from 3 months. This strawberry flavoured oral suspension is pleasant tasting and the dosing syringe included makes it easy to measure and administer. This medicine is designed to help bring down a high temperature (fever and post-immunisation fever), relieve the symptoms of cold and flu and relieve pain from headaches, sore throats, ear ache, minor aches and sprains, teething and toothache.Keep all medicines out the sight and reach of children. Always consult the Patient Information Leaflet before using this medicine</p>",https://www.mccormackspharmacy.ie/p/easofen-child-3m-100ml-strawberry/5099562205355
gid://shopify/Product/15671285088587,nicorette-invisi-patch-15mg-7pk,Nicorette Invisi Patch 15Mg 7Pk,2026-09-27T19:59:11Z,<p>Nicorette Invisi 15 mg Patch contains Nicotine. Stop smoking Aid. Requires willpower. Always read the label. Use: Nicorette® invisi 15mg patch is used to relieve and/or prevent withdrawal symptoms and reduce the cravings you get when you try to stop smoking or when cutting down the number of cigarettes you smoke. It provides a safer alternative to smoking for both the individual and those around them. Ideally you should aim to stop smoking. However Nicorette® invisi patch can be used in a number</p>,"<p>Nicorette Invisi 15 mg Patch contains Nicotine. Stop smoking Aid. Requires willpower. Always read the label. Use: Nicorette® invisi 15mg patch is used to relieve and/or prevent withdrawal symptoms and reduce the cravings you get when you try to stop smoking or when cutting down the number of cigarettes you smoke. It provides a safer alternative to smoking for both the individual and those around them. Ideally you should aim to stop smoking. However Nicorette® invisi patch can be used in a number of different ways, either to completely replace all your cigarettes, or if you do not feel ready to stop smoking completely, to replace certain cigarettes and therefore help you to cut down the number of cigarettes you smoke. It may also help increase your motivation to quit.</p>",https://www.mccormackspharmacy.ie/p/nicorette-invisi-patch-15mg-7pk/3574661146454
gid://shopify/Product/15671299277131,benylin-day-night-tabs-16pk,Benylin Day & Night Tabs 16Pk,2026-09-27T19:59:14Z,"<p>Benylin Day &amp; Night Tablets are used to relieve nasal or sinus congestion with headache, fever and pain which are associated with the cold and flu. The white day medication contains 500mg of Paracetamol which reduces inflammation, relieves pain and fever. It also contains 60mg of pseudoephedrine hydrochloride, a decongestant, which clears the nasal passage. The night medication also contains Paracetamol as well as 25mg diphenhydramine hydrochloride which helps relieve coughing and sneezin</p>","<p>Benylin Day &amp; Night Tablets are used to relieve nasal or sinus congestion with headache, fever and pain which are associated with the cold and flu. The white day medication contains 500mg of Paracetamol which reduces inflammation, relieves pain and fever. It also contains 60mg of pseudoephedrine hydrochloride, a decongestant, which clears the nasal passage. The night medication also contains Paracetamol as well as 25mg diphenhydramine hydrochloride which helps relieve coughing and sneezing. You Must Be Aged Over 18 Years to Purchase This Product. Maximum order quantity of 2 packets per order. Do not take with any other paracetamol or pseudoephedrine products.</p>",https://www.mccormackspharmacy.ie/p/benylin-day-night-tabs-16pk/3574660439120
gid://shopify/Product/15671302259019,nurofen-express-400mg-maximum-strength-12p,Nurofen Express 400Mg Maximum Strength 12P,2026-09-27T19:59:15Z,"<p>Nurofen Express Maximum Strength 400mg Tablets, targets the source of pain faster vs standard ibuprofen. Nurofen is indicated for other body aches and pains and works on other parts of the body. Headache, fever and aches and pains can strike at any time. Nurofen Express Maximum Strength 400mg Tablets contain ibuprofen (as sodium dihydrate), which has anti-inflammatory properties that is effective for a wide range of mild to moderate aches and pains. The sodium formulation is ab</p>","<p>Nurofen Express Maximum Strength 400mg Tablets, targets the source of pain faster vs standard ibuprofen. Nurofen is indicated for other body aches and pains and works on other parts of the body. Headache, fever and aches and pains can strike at any time. Nurofen Express Maximum Strength 400mg Tablets contain ibuprofen (as sodium dihydrate), which has anti-inflammatory properties that is effective for a wide range of mild to moderate aches and pains. The sodium formulation is absorbed up to twice as fast as standard ibuprof</p>",https://www.mccormackspharmacy.ie/p/nurofen-express-400mg-maximum-strength-12p/5000158102941
gid://shopify/Product/15671303864651,niquitin-clear-step-2-14mg-patch-7pk,Niquitin Clear Step 2 14Mg Patch 7Pk,2026-09-27T19:59:17Z,"<p>When trying to quit smoking, the first thing noticed is an intense and uncontrolled desire for a cigarette. Start a new smoke-free life with NiQuitin Clear Patch. This product offers 24-hour craving control until you feel ready to resist a cigarette on your own. The patches come in three steps that deliver different levels of therapeutic nicotine to help you cut down smoking. Apply the first patch after finishing the last cigarette and continue using it every day according to the step-by-step pl</p>","<p>When trying to quit smoking, the first thing noticed is an intense and uncontrolled desire for a cigarette. Start a new smoke-free life with NiQuitin Clear Patch. This product offers 24-hour craving control until you feel ready to resist a cigarette on your own. The patches come in three steps that deliver different levels of therapeutic nicotine to help you cut down smoking. Apply the first patch after finishing the last cigarette and continue using it every day according to the step-by-step plan. Step Down Quitting Programme - Step 2 Use for two weeks after completing Step 1 to follow the 10-week programme or for six weeks if you smoke less than ten cigarettes a day to complete the 8-week programme. The patches release 14 mg of nicotine bringing a 24-hour relief from withdrawal symptoms. To help beat the cigarette cravings, combine NiQuitin patches with NiQuitin Minis or Lozenges. This provides a system of craving management that helps throughout the day and when cravings strike.</p>",https://www.mccormackspharmacy.ie/p/niquitin-clear-step-2-14mg-patch-7pk/5011080105412
gid://shopify/Product/15671304651083,nizoral-dandruff-shampoo-100ml,Nizoral Dandruff Shampoo 100Ml,2026-09-27T19:59:17Z,"<p>Nizoral Dandruff Shampoo is used to treat and prevent dandruff and dry or greasy scaling of the scalp , known as seborrhoeic dermatitis. The shampoo contains ketoconazole, which is an antifungal ingredient. People with dandruff and seborrhoeic dermatitis have more yeasts on their scalp surface called Malassezia. Nizoral Shampoo works effectively to target this increased level of yeasts. The Ketoconazole in Nizroal Shampoo also treats the inflammation associated with dandruff, relieving scalp re</p>","<p>Nizoral Dandruff Shampoo is used to treat and prevent dandruff and dry or greasy scaling of the scalp , known as seborrhoeic dermatitis. The shampoo contains ketoconazole, which is an antifungal ingredient. People with dandruff and seborrhoeic dermatitis have more yeasts on their scalp surface called Malassezia. Nizoral Shampoo works effectively to target this increased level of yeasts. The Ketoconazole in Nizroal Shampoo also treats the inflammation associated with dandruff, relieving scalp redness and itching. Treats dandruff Treats itchy scaly scalp (seborrhoeic dermatitis) Reduces scalp redness and inflammation Suitable for adults and adolescents aged 12 years and over You Must Be Aged Over 18 Years To Purchase This Product</p>",https://www.mccormackspharmacy.ie/p/nizoral-dandruff-shampoo-100ml/5099562743055
gid://shopify/Product/15671306125643,pepcid-ac-tabs-12pk,Pepcid Ac Tabs 12Pk,2026-09-27T19:59:18Z,"<p>Pepcid AC contain Famotidine treat the short term symptoms of heartburn, indigestion (dyspepsia) and excess acid. If you suffer from these symptoms after having a meal or beverage, Pepcid AC can prevent them from occuring. Pepcid AC an be taken before the evening meal to prevent night time sypmtoms of heartburn and indgestion that may be disturbing sleep. Control symptoms for 9 hours throughout the day or 12 hours at night Suitable for over 16 years old You Must Be Aged Over 18 Years to Purchase</p>","<p>Pepcid AC contain Famotidine treat the short term symptoms of heartburn, indigestion (dyspepsia) and excess acid. If you suffer from these symptoms after having a meal or beverage, Pepcid AC can prevent them from occuring. Pepcid AC an be taken before the evening meal to prevent night time sypmtoms of heartburn and indgestion that may be disturbing sleep. Control symptoms for 9 hours throughout the day or 12 hours at night Suitable for over 16 years old You Must Be Aged Over 18 Years to Purchase This Product. MAXIMUM order quantity of THREE packs per order.</p>",https://www.mccormackspharmacy.ie/p/pepcid-ac-tabs-12pk/5027097010090
gid://shopify/Product/15671307895115,viagra-connect-50mg-tablets-8-pack,Viagra Connect 50Mg Tablets 8 Pack,2026-09-25T15:55:54Z,"<p>Viagra Connect is a treatment for men aged 18 years and older with erectile dysfunction. Erectile dysfunction is an inability to achieve or maintain an erection that is firm enough to have sex. Erections depend on many different factors, including proper blood flow to the penis. Reduced blood flow to the penis may cause erectile dysfunction. Erectile dysfunction can affect men differently. Some cannot achieve an erection. Others may achieve an erection, but not firm enough for having sex or t</p>","<p>Viagra Connect is a treatment for men aged 18 years and older with erectile dysfunction. Erectile dysfunction is an inability to achieve or maintain an erection that is firm enough to have sex. Erections depend on many different factors, including proper blood flow to the penis. Reduced blood flow to the penis may cause erectile dysfunction. Erectile dysfunction can affect men differently. Some cannot achieve an erection. Others may achieve an erection, but not firm enough for having sex or they may lose the erection before or during sex. Viagra Connect contains the active substance sildenafil. It works by relaxing the blood vessels in your penis, allowing blood to flow into your penis when you get sexually excited and causing an erection. Viagra Connect will only help you to get an erection if you are sexually excited (stimulated).</p>",https://www.mccormackspharmacy.ie/p/viagra-connect-50mg-tablets-8-pack/1210001168503
gid://shopify/Product/15671316349259,nurofen-durance-200mg-plasters,Nurofen Durance 200Mg Plasters,2026-09-27T19:59:22Z,"<p>The active substance is ibuprofen. Ibuprofen belongs to a group of medicines called non-steroidal anti-inflammatory drugs (NSAIDs), which work by changing how the body responds to pain, swelling and high temperature. The medicated plaster locally delivers ibuprofen continuously at the site of pain over 24 hours of application. Nurofen Durance is indicated for the short-term treatment of local pain in acute muscular strains, or sprains in benign traumas close to the joint of the upper or lower</p>","<p>The active substance is ibuprofen. Ibuprofen belongs to a group of medicines called non-steroidal anti-inflammatory drugs (NSAIDs), which work by changing how the body responds to pain, swelling and high temperature. The medicated plaster locally delivers ibuprofen continuously at the site of pain over 24 hours of application. Nurofen Durance is indicated for the short-term treatment of local pain in acute muscular strains, or sprains in benign traumas close to the joint of the upper or lower limb in adults and adolescents aged 16 and older.</p>",https://www.mccormackspharmacy.ie/p/nurofen-durance-200mg-plasters/5011417578018
gid://shopify/Product/15671321035083,vicks-first-defense-15ml-nasal-spray,Vicks First Defense 15Ml Nasal Spray,2026-09-27T19:59:22Z,"<p>Vicks First Defence Vicks First Defence is designed as a nasal spray to better target what’s considered as the main sites of infection: the back of the nose and the top of the throat. It’s a medical device intended to be used at the first symptoms of an emerging cold, or upon exposure to cold viruses, to reduce the ability of cold viruses to replicate in the nose. The micro-gel formula traps the cold viruses that start to develop at the back of the nose and helps reduce the chances of them d</p>","<p>Vicks First Defence Vicks First Defence is designed as a nasal spray to better target what’s considered as the main sites of infection: the back of the nose and the top of the throat. It’s a medical device intended to be used at the first symptoms of an emerging cold, or upon exposure to cold viruses, to reduce the ability of cold viruses to replicate in the nose. The micro-gel formula traps the cold viruses that start to develop at the back of the nose and helps reduce the chances of them developing. The micro gel formula inactivates the cold viruses reducing their ability to multiply and spread the infection It then contributes to a nasal washout effect to flush out cold virus by blowing your nose or swallowing. 15ml</p>",https://www.mccormackspharmacy.ie/p/vicks-first-defense-15ml-nasal-spray/5013965704666
gid://shopify/Product/15671321395531,easofen-child-6y-200ml-strawberry,Easofen Child 6Y+ 200Ml Strawberry,2026-09-27T19:59:23Z,"<p>Easofen for Children contains ibuprofen, which is a painkiller and non-steroidal anti-inflammatory for babies, toddlers and children aged from 3 months. This strawberry flavoured oral suspension is pleasant tasting and the dosing syringe included makes it easy to measure and administer. This medicine is designed to help bring down a high temperature (fever and post-immunisation fever), relieve the symptoms of cold and flu and relieve pain from headaches, sore throats, ear ache, minor aches and</p>","<p>Easofen for Children contains ibuprofen, which is a painkiller and non-steroidal anti-inflammatory for babies, toddlers and children aged from 3 months. This strawberry flavoured oral suspension is pleasant tasting and the dosing syringe included makes it easy to measure and administer. This medicine is designed to help bring down a high temperature (fever and post-immunisation fever), relieve the symptoms of cold and flu and relieve pain from headaches, sore throats, ear ache, minor aches and sprains, teething and toothache.</p>",https://www.mccormackspharmacy.ie/p/easofen-child-6y-200ml-strawberry/5099562205508
gid://shopify/Product/15671322149195,clarityn-tabs-loratadine-30pk,Clarityn Tabs Loratadine 30Pk,2026-09-27T19:59:23Z,"<p>Clarityn helps to reduce your allergy symptoms by stopping the effects of a substance called “histamine”, which is produced in the body when you are allergic to something. When Clarityn should be taken Clarityn relieves symptoms associated with allergic rhinitis (for example, hay fever), such as sneezing, runny or itchy nose, and burning or itchy eyes in adults and children over the age of 2 years who weigh more than 30 kg. Clarityn may also be used to help relieve symptoms of urticaria (itching</p>","<p>Clarityn helps to reduce your allergy symptoms by stopping the effects of a substance called “histamine”, which is produced in the body when you are allergic to something. When Clarityn should be taken Clarityn relieves symptoms associated with allergic rhinitis (for example, hay fever), such as sneezing, runny or itchy nose, and burning or itchy eyes in adults and children over the age of 2 years who weigh more than 30 kg. Clarityn may also be used to help relieve symptoms of urticaria (itching, redness and number and size of hives). The effect of Clarityn will last a whole day and should help you to continue your normal daily activities and sleep</p>",https://www.mccormackspharmacy.ie/p/clarityn-tabs-loratadine-30pk/5010605240553
gid://shopify/Product/15671328080203,nicorette-quickmist-1mg-2pk,Nicorette Quickmist 1Mg 2Pk,2026-09-27T19:59:26Z,"<p>Nicorette® QuickMist is used to relieve and/or prevent withdrawal symptoms and reduce the cravings you get when you try to stop smoking or when cutting down the number of cigarettes you smoke. It provides a safer alternative to smoking for both the individual and those around them. Ideally you should aim to stop smoking. However it can be used in a number of different ways, either to completely replace all your cigarettes, or if you do not feel ready to stop smoking completely, to replace certai</p>","<p>Nicorette® QuickMist is used to relieve and/or prevent withdrawal symptoms and reduce the cravings you get when you try to stop smoking or when cutting down the number of cigarettes you smoke. It provides a safer alternative to smoking for both the individual and those around them. Ideally you should aim to stop smoking. However it can be used in a number of different ways, either to completely replace all your cigarettes, or if you do not feel ready to stop smoking completely, to replace certain cigarettes and therefore help you to cut down the number of cigarettes you smoke. It may also help increase your motivation to quit. Instant release spray for fast craving relief</p>",https://www.mccormackspharmacy.ie/p/nicorette-quickmist-1mg-2pk/3574661147000
gid://shopify/Product/15671332569419,nicorette-cools-4mg-loz-80pk,Nicorette Cools 4Mg Loz 80Pk,2026-09-27T19:59:28Z,<p>The Nicorette Cools 4mg Lozenges help calm cravings and reduce the stress level of quitting smoking. Each lozenge contains 4mg of nicotine which is released slowly into the body through the mouth when sucked to help combat the craving associated when giving up cigarettes. This Nicotine Replacement Therapy (NRT) is Cool flavoured and can relieve withdrawal symptoms associated with nicotine dependency. For smokers who would normally smoke more than 20 per day Pocket Size &amp; Discreet Ideal for use o</p>,"<p>The Nicorette Cools 4mg Lozenges help calm cravings and reduce the stress level of quitting smoking. Each lozenge contains 4mg of nicotine which is released slowly into the body through the mouth when sucked to help combat the craving associated when giving up cigarettes. This Nicotine Replacement Therapy (NRT) is Cool flavoured and can relieve withdrawal symptoms associated with nicotine dependency. For smokers who would normally smoke more than 20 per day Pocket Size &amp; Discreet Ideal for use on the go, you can act fast to relieve cravings wherever they strike.</p>",https://www.mccormackspharmacy.ie/p/nicorette-cools-4mg-loz-80pk/3574661146089
gid://shopify/Product/15671338860875,emazole-20mg-tablets-14pk,Emazole 20Mg Tablets 14Pk,2026-09-27T19:59:30Z,<p>Emazole Control Esomeprazole is a short term treatment for reflux symptoms such as heartburn and acid regurgitation. Reflux causes your gullet (food pipe) to become inflamed and painful. Symptoms may cause a painful sensation in the chest rising up to your throat or may also give you a sour taste in the mouth. Emazole Control works by reducing the amount of acid that your stomach produces for at least 24hours. Emazole does not offer immediate result and it may take 2-3 days in a row before you f</p>,<p>Emazole Control Esomeprazole is a short term treatment for reflux symptoms such as heartburn and acid regurgitation. Reflux causes your gullet (food pipe) to become inflamed and painful. Symptoms may cause a painful sensation in the chest rising up to your throat or may also give you a sour taste in the mouth. Emazole Control works by reducing the amount of acid that your stomach produces for at least 24hours. Emazole does not offer immediate result and it may take 2-3 days in a row before you feel better.</p>,https://www.mccormackspharmacy.ie/p/emazole-20mg-tablets-14pk/5390387330223
gid://shopify/Product/15671348363595,viagra-connect-50mg-tablets-4-pack,Viagra Connect 50Mg Tablets 4 Pack,2026-09-25T15:57:20Z,"<p>Viagra Connect is a treatment for men aged 18 years and older with erectile dysfunction. Erectile dysfunction is an inability to achieve or maintain an erection that is firm enough to have sex. Erections depend on many different factors, including proper blood flow to the penis. Reduced blood flow to the penis may cause erectile dysfunction. Erectile dysfunction can affect men differently. Some cannot achieve an erection. Others may achieve an erection, but not firm enough for having sex or t</p>","<p>Viagra Connect is a treatment for men aged 18 years and older with erectile dysfunction. Erectile dysfunction is an inability to achieve or maintain an erection that is firm enough to have sex. Erections depend on many different factors, including proper blood flow to the penis. Reduced blood flow to the penis may cause erectile dysfunction. Erectile dysfunction can affect men differently. Some cannot achieve an erection. Others may achieve an erection, but not firm enough for having sex or they may lose the erection before or during sex. Viagra Connect contains the active substance sildenafil. It works by relaxing the blood vessels in your penis, allowing blood to flow into your penis when you get sexually excited and causing an erection. Viagra Connect will only help you to get an erection if you are sexually excited (stimulated).</p>",https://www.mccormackspharmacy.ie/p/viagra-connect-50mg-tablets-4-pack/5391521021229
gid://shopify/Product/15671349444939,buttercup-broncho-stop-cough-pastilles-10pk,Buttercup Broncho Stop Cough Pastilles 10Pk,2026-09-27T19:59:32Z,"<p>Bronchostop Cough pastilles are traditionally used to relieve any cough: dry, tickly, chesty, mucus or catarrh. Available now in this On-the-go pastille format. This non-drowsy, alcohol free product is ideal for daily use to let you focus on life and Bronchostop to focus on the treatment. Buttercup Bronchostop Cough Pastilles contain thyme herb extract. A traditional herbal medicinal product for use in the relief of coughs, such as chesty coughs and dry, tickly, irritating coughs and catarrh,</p>","<p>Bronchostop Cough pastilles are traditionally used to relieve any cough: dry, tickly, chesty, mucus or catarrh. Available now in this On-the-go pastille format. This non-drowsy, alcohol free product is ideal for daily use to let you focus on life and Bronchostop to focus on the treatment. Buttercup Bronchostop Cough Pastilles contain thyme herb extract. A traditional herbal medicinal product for use in the relief of coughs, such as chesty coughs and dry, tickly, irritating coughs and catarrh, exclusively based upon long-standing use as a traditional remedy.</p>",https://www.mccormackspharmacy.ie/p/buttercup-broncho-stop-cough-pastilles-10pk/5012616262685
gid://shopify/Product/15671352623435,deep-heat-well-patch-4pk,Deep Heat Well Patch 4Pk,2026-09-27T19:59:35Z,"<p>Deep Heat can be used to generate heat in tired, injured or sore muscles. As it is absorbed, your body’s natural enzymes turn its special blend of ingredients into a powerful painkiller. How are heat patches different? A ‘topical’ treatment is one that is applied directly to the part of the body where you feel the discomfort. This is different to painkillers taken by mouth, which dissolve to release their ingredients into the bloodstream and throughout the body. Topical analgesics minimise the</p>","<p>Deep Heat can be used to generate heat in tired, injured or sore muscles. As it is absorbed, your body’s natural enzymes turn its special blend of ingredients into a powerful painkiller. How are heat patches different? A ‘topical’ treatment is one that is applied directly to the part of the body where you feel the discomfort. This is different to painkillers taken by mouth, which dissolve to release their ingredients into the bloodstream and throughout the body. Topical analgesics minimise the risk of side effects by delivering the drug to the area of application. They can also be an effective alternative to oral analgesics, or can be used in conjunction with oral analgesics if necessary.</p>",https://www.mccormackspharmacy.ie/p/deep-heat-well-patch-4pk/5011501003259
gid://shopify/Product/15671363764555,dettol-liquid-500ml,Dettol Liquid 500Ml,2026-09-27T19:59:39Z,"<p>Dettol Liquid. Contains chloroxylenol. For antiseptic cleansing of minor wounds caused by cuts, bites, grazes, insect stings and for personal hygiene. Always read the label. A house is not a home without a bottle of iconic Dettol Antiseptic Liquid. First Aid Antiseptic wound cleaning for cuts, grazes, bites and stings Personal Hygiene Can be used to treat pimples and dandruff Use Dettol Antiseptic Liquid on cuts, scratches and insect bites to kill germs and protect against infection. Always use</p>","<p>Dettol Liquid. Contains chloroxylenol. For antiseptic cleansing of minor wounds caused by cuts, bites, grazes, insect stings and for personal hygiene. Always read the label. A house is not a home without a bottle of iconic Dettol Antiseptic Liquid. First Aid Antiseptic wound cleaning for cuts, grazes, bites and stings Personal Hygiene Can be used to treat pimples and dandruff Use Dettol Antiseptic Liquid on cuts, scratches and insect bites to kill germs and protect against infection. Always use as directed.</p>",https://www.mccormackspharmacy.ie/p/dettol-liquid-500ml/50158089
gid://shopify/Product/15671364387147,clonfolic-folic-acid-28pk-4wk,Clonfolic Folic Acid 28Pk / 4Wk,2026-09-27T19:59:40Z,<p>A one a day folic acid tablet. Studies have shown folic acid helps prevent Spina Bifida and other neural tube defects. This product should be taken at least 14 weeks before becoming pregnant and should be taken for at least the first 12 weeks of pregnancy. Taking folic acid daily can help reduce the risk of having a baby with Spina Bifida by up to 70-. Spina Bifida is a neural tube defect (NTD). The neural tube forms the unborn baby’s spine. It comes in a handy one and three month pack of 0.4</p>,"<p>A one a day folic acid tablet. Studies have shown folic acid helps prevent Spina Bifida and other neural tube defects. This product should be taken at least 14 weeks before becoming pregnant and should be taken for at least the first 12 weeks of pregnancy. Taking folic acid daily can help reduce the risk of having a baby with Spina Bifida by up to 70-. Spina Bifida is a neural tube defect (NTD). The neural tube forms the unborn baby’s spine. It comes in a handy one and three month pack of 0.4mg tablets, the recommended daily dosage. Clonfolic is only available from your local pharmacy 98 Tablets</p>",https://www.mccormackspharmacy.ie/p/clonfolic-folic-acid-28pk-4wk/5099562906801
gid://shopify/Product/15671364944203,maalox-oral-suspension-250ml-peppermint,Maalox Oral Suspension 250Ml Peppermint,2026-09-27T19:59:40Z,"<p>Maalox Suspension contains two different medicines. They are called aluminium hydroxide and magnesium hydroxide. They belong to a group of medicines called antacids. Maalox Suspension is used for: Heartburn or when your stomach has too much acid (indigestion) Inflammation of the stomach (gastritis), and When prescribed by a doctor it may also be used for lowering the amount of acid in your stomach or gut (intestine) when you have an ulcer Maalox Suspension works by lowering the amount of acid in</p>","<p>Maalox Suspension contains two different medicines. They are called aluminium hydroxide and magnesium hydroxide. They belong to a group of medicines called antacids. Maalox Suspension is used for: Heartburn or when your stomach has too much acid (indigestion) Inflammation of the stomach (gastritis), and When prescribed by a doctor it may also be used for lowering the amount of acid in your stomach or gut (intestine) when you have an ulcer Maalox Suspension works by lowering the amount of acid in your stomach.</p>",https://www.mccormackspharmacy.ie/p/maalox-oral-suspension-250ml-peppermint/5000283657385
gid://shopify/Product/15671366189387,easofen-child-3m-200ml-strawberry,Easofen Child 3M+ 200Ml Strawberry,2026-09-27T19:59:40Z,"<p>Easofen for Children contains ibuprofen, which is a painkiller and non-steroidal anti-inflammatory for babies, toddlers and children aged from 3 months. This strawberry flavoured oral suspension is pleasant tasting and the dosing syringe included makes it easy to measure and administer. This medicine is designed to help bring down a high temperature (fever and post-immunisation fever), relieve the symptoms of cold and flu and relieve pain from headaches, sore throats, ear ache, minor aches and s</p>","<p>Easofen for Children contains ibuprofen, which is a painkiller and non-steroidal anti-inflammatory for babies, toddlers and children aged from 3 months. This strawberry flavoured oral suspension is pleasant tasting and the dosing syringe included makes it easy to measure and administer. This medicine is designed to help bring down a high temperature (fever and post-immunisation fever), relieve the symptoms of cold and flu and relieve pain from headaches, sore throats, ear ache, minor aches and sprains, teething and toothache.Keep all medicines out the sight and reach of children. Always consult the Patient Information Leaflet before using this medicine</p>",https://www.mccormackspharmacy.ie/p/easofen-child-3m-200ml-strawberry/5099562205409
gid://shopify/Product/15671367467339,nicorette-quickmist-1mg-1pk,Nicorette Quickmist 1Mg 1Pk,2026-09-27T19:59:41Z,"<p>Nicorette® QuickMist is used to relieve and/or prevent withdrawal symptoms and reduce the cravings you get when you try to stop smoking or when cutting down the number of cigarettes you smoke. It provides a safer alternative to smoking for both the individual and those around them. Ideally you should aim to stop smoking. However it can be used in a number of different ways, either to completely replace all your cigarettes, or if you do not feel ready to stop smoking completely, to replace certai</p>","<p>Nicorette® QuickMist is used to relieve and/or prevent withdrawal symptoms and reduce the cravings you get when you try to stop smoking or when cutting down the number of cigarettes you smoke. It provides a safer alternative to smoking for both the individual and those around them. Ideally you should aim to stop smoking. However it can be used in a number of different ways, either to completely replace all your cigarettes, or if you do not feel ready to stop smoking completely, to replace certain cigarettes and therefore help you to cut down the number of cigarettes you smoke. It may also help increase your motivation to quit. Instant release spray for fast craving relief</p>",https://www.mccormackspharmacy.ie/p/nicorette-quickmist-1mg-1pk/3574661147017
gid://shopify/Product/15671375102283,nurofen-express-400mg-maximum-strength-tablet-24p,Nurofen Express 400Mg Maximum Strength Tablet 24P,2026-09-27T19:59:44Z,"<p>Nurofen Express Maximum Strength 400mg Tablets, targets the source of pain faster vs standard ibuprofen. Nurofen is indicated for other body aches and pains and works on other parts of the body. Headache, fever and aches and pains can strike at any time. Nurofen Express Maximum Strength 400mg Tablets contain ibuprofen (as sodium dihydrate), which has anti-inflammatory properties that is effective for a wide range of mild to moderate aches and pains. The sodium formulation is absorbed up to twice</p>","<p>Nurofen Express Maximum Strength 400mg Tablets, targets the source of pain faster vs standard ibuprofen. Nurofen is indicated for other body aches and pains and works on other parts of the body. Headache, fever and aches and pains can strike at any time. Nurofen Express Maximum Strength 400mg Tablets contain ibuprofen (as sodium dihydrate), which has anti-inflammatory properties that is effective for a wide range of mild to moderate aches and pains. The sodium formulation is absorbed up to twice as fast as standard ibuprofen.</p>",https://www.mccormackspharmacy.ie/p/nurofen-express-400mg-maximum-strength-tablet-24p/5000158102958
gid://shopify/Product/15671378510155,emazole-20mg-tablets-7pk,Emazole 20Mg Tablets 7Pk,2026-09-27T19:59:45Z,"<p>Emazole Control contains a medicine called esomeprazole. This belongs to a group of medicines called ‘proton pump inhibitors’. They work by reducing the amount of acid that your stomach produces. This medicine is used in adults for the short-term treatment of reflux symptoms (for example, heartburn and acid regurgitation). Reflux is the backflow of acid from the stomach into the gullet (“foodpipe”) which may become inflamed and painful. This may cause you symptoms such as a painful sensation in</p>","<p>Emazole Control contains a medicine called esomeprazole. This belongs to a group of medicines called ‘proton pump inhibitors’. They work by reducing the amount of acid that your stomach produces. This medicine is used in adults for the short-term treatment of reflux symptoms (for example, heartburn and acid regurgitation). Reflux is the backflow of acid from the stomach into the gullet (“foodpipe”) which may become inflamed and painful. This may cause you symptoms such as a painful sensation in the chest rising up to your throat (heartburn) and a sour taste in the mouth (acid regurgitation).</p>",https://www.mccormackspharmacy.ie/p/emazole-20mg-tablets-7pk/5390387330216
gid://shopify/Product/15671385391435,optrex-multi-action-eye-wash-100ml,Optrex Multi Action Eye Wash 100Ml,2026-09-27T19:59:48Z,"<p>Optrex Multi Action Eye Wash washes, soothes and cleanses tired, irritated and uncomfortable eyes. The specially developed formula gently washes your eyes and provides sensitive and moisture replenishing relief for eyes irritated by dust, grit, smoke etc. Optrex Multi Action Eye Wash has also been designed to help tackle the effects of age and modern living, such as tired and uncomfortable eyes caused by contact lens wear, driving, computer use, manual work, smoky or polluted environments. Optre</p>","<p>Optrex Multi Action Eye Wash washes, soothes and cleanses tired, irritated and uncomfortable eyes. The specially developed formula gently washes your eyes and provides sensitive and moisture replenishing relief for eyes irritated by dust, grit, smoke etc. Optrex Multi Action Eye Wash has also been designed to help tackle the effects of age and modern living, such as tired and uncomfortable eyes caused by contact lens wear, driving, computer use, manual work, smoky or polluted environments. Optrex Multi Action Eye Wash is so versatile; it's a must-have for your bathroom cabinet and first aid kit. Balanced at the natural pH level of tears and enriched with plant extracts, it gently helps to remove dust, make-up and other particles that can easily get trapped on the surface of your eye. Suitable for Suitable for adults and children</p>",https://www.mccormackspharmacy.ie/p/optrex-multi-action-eye-wash-100ml/5000158101425
gid://shopify/Product/15671391224139,uniflu-with-vitamin-c-tablets-24pk,Uniflu With Vitamin C Tablets 24Pk,2026-09-25T15:59:20Z,"<p>Uniflu With Vitamin C Tablets 12 Pack includes 6 Uniflu Tablets and 6 Vitamin C Tablets 24 Pack includes 12 Uniflu Tablets and 12 Vitamin C Tablets Uniflu with Vitamin C Tablets are used to relieve nasal or sinus congestion with headache, fever and pain which are associated with the cold and flu. Vitamin C tablets are used as a vitamin C supplement during colds and flu infections. The medication contains 500mg of Paracetamol which reduces inflammation, relieves pain and fever. It also contains 1</p>","<p>Uniflu With Vitamin C Tablets 12 Pack includes 6 Uniflu Tablets and 6 Vitamin C Tablets 24 Pack includes 12 Uniflu Tablets and 12 Vitamin C Tablets Uniflu with Vitamin C Tablets are used to relieve nasal or sinus congestion with headache, fever and pain which are associated with the cold and flu. Vitamin C tablets are used as a vitamin C supplement during colds and flu infections. The medication contains 500mg of Paracetamol which reduces inflammation, relieves pain and fever. It also contains 10mg of pseudoephedrine hydrochloride, a decongestant, which clears the nasal passage. This medication also contains 15mg diphenhydramine hydrochloride and 30mg of caffeine</p>",https://www.mccormackspharmacy.ie/p/uniflu-with-vitamin-c-tablets-24pk/5017896811110
gid://shopify/Product/15671399153995,nurofen-child-7-soft-chewable-caps-12pk-orange,Nurofen Child 7+ Soft Chewable Caps 12Pk Orange,2026-09-27T19:59:53Z,"<p>The active ingredient (which makes this medicine work) is ibuprofen which is a non-steroidal-anti- inflammatory (NSAID) painkiller. Nurofen for Children 100mg chewable capsules are used in children from 7 to 12 years for the relief of mild to moderate pain such as a sore throat, dental pain, ear ache, headache, minor aches and sprains, and symptoms of cold and flu. Ibuprofen also brings down a high temperature (fever). You must talk to a doctor if your child does not feel better or if your child</p>","<p>The active ingredient (which makes this medicine work) is ibuprofen which is a non-steroidal-anti- inflammatory (NSAID) painkiller. Nurofen for Children 100mg chewable capsules are used in children from 7 to 12 years for the relief of mild to moderate pain such as a sore throat, dental pain, ear ache, headache, minor aches and sprains, and symptoms of cold and flu. Ibuprofen also brings down a high temperature (fever). You must talk to a doctor if your child does not feel better or if your child feels worse after 3 days.</p>",https://www.mccormackspharmacy.ie/p/nurofen-child-7-soft-chewable-caps-12pk-orange/5000158106383
gid://shopify/Product/15671404921163,nicorette-icy-white-4mg-30pk,Nicorette Icy White 4Mg 30Pk,2026-09-27T19:59:54Z,<p>Nicorette Gum will provide effective relief from cravings and withdrawal symptoms experienced when trying to stop smoking. It is used to help smokers ready to stop smoking immediately and also to help smokers who need to cut down their cigarette use before stopping. Nicorette Gum can also be used during times when you cannot smoke. Combination Therapy Nicorette 2mg Gum can sometimes be used in combination with Nicorette Invisi 10mg and 15mg Patch for the treatment of tobacco dependence. Combinat</p>,<p>Nicorette Gum will provide effective relief from cravings and withdrawal symptoms experienced when trying to stop smoking. It is used to help smokers ready to stop smoking immediately and also to help smokers who need to cut down their cigarette use before stopping. Nicorette Gum can also be used during times when you cannot smoke. Combination Therapy Nicorette 2mg Gum can sometimes be used in combination with Nicorette Invisi 10mg and 15mg Patch for the treatment of tobacco dependence. Combination Therapy may be suitable for the following people: Heavy smokers (more than 20 cigarettes a day) People who have had a failed quit attempt in the past People who have very strong cravings.</p>,https://www.mccormackspharmacy.ie/p/nicorette-icy-white-4mg-30pk/3574661146928
gid://shopify/Product/15671407411531,panadol-extra-soluble-24pk,Panadol Extra Soluble 24Pk,2026-09-27T19:59:54Z,"<p>Panadol Extra Soluble Tablets are a fast-acting and effective pain relief medication containing paracetamol. Panadol tablets fight against pain such as headache, muscle pain, backache, toothache and period pain. This medication also reduces fever and pain associated with colds and flu. The presence of caffeine helps the effectiveness of paracetamol. You Must Be Aged Over 18 Years to Purchase This Product. MAXIMUM order quantity of TWO packets per order. Do not take with any other paracetamol pro</p>","<p>Panadol Extra Soluble Tablets are a fast-acting and effective pain relief medication containing paracetamol. Panadol tablets fight against pain such as headache, muscle pain, backache, toothache and period pain. This medication also reduces fever and pain associated with colds and flu. The presence of caffeine helps the effectiveness of paracetamol. You Must Be Aged Over 18 Years to Purchase This Product. MAXIMUM order quantity of TWO packets per order. Do not take with any other paracetamol products.</p>",https://www.mccormackspharmacy.ie/p/panadol-extra-soluble-24pk/5011080137772
gid://shopify/Product/15671408165195,gaviscon-extra-150ml-mint,Gaviscon Extra 150Ml Mint,2026-09-27T19:59:54Z,<p>Gaviscon Extra Oral Suspension is suitable to treat heartburn and indigestion. This 150ml size is perfect to keep with you on the go so you can treat symptoms fast and when you need to.? Gaviscon Extra combines two antacids and an alginate Treats heartburn - Forms a protective barrier over your stomach contents to prevent burning feeling in your chest Relieves indigestion - Neutralizes excess stomach acid to relieve pain and discomfort Can be used following meals Suitable during pregnancy Mint f</p>,<p>Gaviscon Extra Oral Suspension is suitable to treat heartburn and indigestion. This 150ml size is perfect to keep with you on the go so you can treat symptoms fast and when you need to.? Gaviscon Extra combines two antacids and an alginate Treats heartburn - Forms a protective barrier over your stomach contents to prevent burning feeling in your chest Relieves indigestion - Neutralizes excess stomach acid to relieve pain and discomfort Can be used following meals Suitable during pregnancy Mint flavour</p>,https://www.mccormackspharmacy.ie/p/gaviscon-extra-150ml-mint/5000158067882
gid://shopify/Product/15671413735755,capasal-therapeutic-shampoo-250ml,Capasal Therapeutic Shampoo 250Ml,2026-09-28T12:35:51Z,<p>Capasal therapeutic shampoo contains three active ingredients- coal tar- coconut oil and salicylic acid. Coal tar has been used in skin conditions for hundreds of years- but it is still not fully understood how it works- mainly because it is made up of so many different compounds. Coal tar has mild antiseptic and anti-inflammatory effects- and relieves itching. It is also absorbed into the skin cells and is thought to inhibit DNA replication in these cells. This slows down cell division and stop</p>,<p>Capasal therapeutic shampoo contains three active ingredients- coal tar- coconut oil and salicylic acid. Coal tar has been used in skin conditions for hundreds of years- but it is still not fully understood how it works- mainly because it is made up of so many different compounds. Coal tar has mild antiseptic and anti-inflammatory effects- and relieves itching. It is also absorbed into the skin cells and is thought to inhibit DNA replication in these cells. This slows down cell division and stops the cells from multiplying excessively. In turn- this reduces thickening and scaling of the skin. Salicylic acid is a type of medicine known as a keratolytic- it works by breaking down keratin- a protein that forms part of the skin structure. This results in the shedding of skin cells from the affected area. This preparation also contains coconut oil which helps to softening the skin. Capasal shampoo is used to treat scaly- itchy skin conditions affecting the scalp- such as psoriasis- seborrhoeic dermatitis or dandruff.</p>,https://www.mccormackspharmacy.ie/p/capasal-therapeutic-shampoo-250ml/5016379132018
gid://shopify/Product/15671418749259,panadol-extra-12pk,Panadol Extra 12Pk,2026-09-27T19:59:58Z,"<p>Panadol Extra Film-coated Tablets are a fast-acting and effective pain relief medication containing paracetamol. Panadol tablets fight against pain such as headache, muscle pain, backache, toothache and period pain. This medication also reduces fever and pain associated with colds and flu. The presence of caffeine helps the effectiveness of paracetamol. You Must Be Aged Over 18 Years to Purchase This Product. MAXIMUM order quantity of 48 tablets per order. Do not take with any other paracetamol</p>","<p>Panadol Extra Film-coated Tablets are a fast-acting and effective pain relief medication containing paracetamol. Panadol tablets fight against pain such as headache, muscle pain, backache, toothache and period pain. This medication also reduces fever and pain associated with colds and flu. The presence of caffeine helps the effectiveness of paracetamol. You Must Be Aged Over 18 Years to Purchase This Product. MAXIMUM order quantity of 48 tablets per order. Do not take with any other paracetamol products.</p>",https://www.mccormackspharmacy.ie/p/panadol-extra-12pk/5011080139202
gid://shopify/Product/15671423893835,vermox-100mg-5ml-oral-suspension-30ml,Vermox 100Mg/5Ml Oral Suspension 30Ml,2026-09-27T19:59:58Z,"<p>Vermox is used to treat common worm infections such as threadworm / pinworm. Vermox Oral Suspension is a handy liquid form and can be used by adults and children over 2 years of age. Each bottle of Vermox can treat 3 people for Threadworm infection. Oral solution liquid Suitable from 2 years of age Threadworm (pinworms) Whipworm, roundworm, hookworm You Must Be Aged Over 18 Years to Purchase This Product. MAXIMUM order quantity of FOUR packs per order. This item can only be sold within Ireland.</p>","<p>Vermox is used to treat common worm infections such as threadworm / pinworm. Vermox Oral Suspension is a handy liquid form and can be used by adults and children over 2 years of age. Each bottle of Vermox can treat 3 people for Threadworm infection. Oral solution liquid Suitable from 2 years of age Threadworm (pinworms) Whipworm, roundworm, hookworm You Must Be Aged Over 18 Years to Purchase This Product. MAXIMUM order quantity of FOUR packs per order. This item can only be sold within Ireland. We cannot ship medicines outside of Ireland.</p>",https://www.mccormackspharmacy.ie/p/vermox-100mg-5ml-oral-suspension-30ml/5027097904955
gid://shopify/Product/15671424057675,paralink-500mg-supp-10pk,Paralink 500Mg Supp 10Pk,2026-09-27T19:59:58Z,"<p>Paralink Suppositories are painkillers for adults and children over 6 years. These fast-acting suppositories contain paracetamol, which is an effective painkiller. This packet contains 10 suppositories. Paracetamol fights against pain such as headache, muscle pain, backache, toothache and period pain. This medication also reduces fever and pain associated with colds and flu. You Must Be Aged Over 18 Years to Purchase This Product. MAXIMUM order quantity of TWO packets per order. Do not take wit</p>","<p>Paralink Suppositories are painkillers for adults and children over 6 years. These fast-acting suppositories contain paracetamol, which is an effective painkiller. This packet contains 10 suppositories. Paracetamol fights against pain such as headache, muscle pain, backache, toothache and period pain. This medication also reduces fever and pain associated with colds and flu. You Must Be Aged Over 18 Years to Purchase This Product. MAXIMUM order quantity of TWO packets per order. Do not take with any other paracetamol products. THIS PRODUCT IS A MEDICINE AND CAN ONLY BE SOLD WITHIN IRELAND</p>",https://www.mccormackspharmacy.ie/p/paralink-500mg-supp-10pk/5099172033089
