id,handle,title_before,title_after,status,updated_at_before,change
gid://shopify/Product/15671380541771,paralief-paracetamol-24pk-blue-clonmel,Paralief Paracetamol 24Pk Blue Clonmel,Paralief Paracetamol 500mg Tablets 24Pk,ACTIVE,2026-09-27T19:59:45Z,title only
gid://shopify/Product/15671377330507,tena-lady-maxi-night-6-s-5069,Tena Lady Maxi Night 6'S-5069,Tena Lady Maxi Night 6Pk,ACTIVE,2026-09-25T15:58:43Z,title only
gid://shopify/Product/15671323230539,vitabiotics-jointace-chondroitin-glucosamine-30pk-orange,Vitabiotics Jointace Chondroitin & Glucosamine 30Pk Orange,Vitabiotics Jointace Original Chondroitin & Glucosamine 30Pk,ACTIVE,2026-09-25T15:56:29Z,title only
gid://shopify/Product/15671325688139,chloe-new-signature-ladies-50ml-edp-spr,Chloe (New) Signature Ladies 50Ml Edp Spr,Chloe Signature Ladies 50Ml Edp Spr,ACTIVE,2026-09-25T15:56:34Z,title only
gid://shopify/Product/15671385653579,promo-pack-brylcreem-gel-150ml-2pk-7-strong,Promo Pack Brylcreem Gel 150Ml 2Pk €7 Strong,Brylcreem Strong Gel 150Ml 2Pk,ACTIVE,2026-09-25T15:59:04Z,title only
gid://shopify/Product/15671300522315,svr-sebiaclear-creme-hydra-40ml,Svr Sebiaclear Creme Hydra 40Ml -,Svr Sebiaclear Creme Hydra 40Ml,ACTIVE,2026-09-25T15:55:29Z,title only
gid://shopify/Product/15671413670219,tepe-interdental-brush-fine-0-45mm-oran-1,Tepe Interdental Brush Fine 0.45Mm Oran 1,Tepe Interdental Brush Orange 0.45Mm Size 1,ACTIVE,2026-09-25T16:00:30Z,title only
gid://shopify/Product/15671411671371,carnation-hydrocolloid-blister-t,Carnation Hydrocolloid Blister T,Carnation Hydrocolloid Blister Care,ACTIVE,2026-09-27T19:59:56Z,title only
gid://shopify/Product/15671391387979,uriage-roseliane-demo-cleansing-fluid-250ml,Uriage Roseliane Demo- Cleansing Fluid 250Ml,Uriage Roseliane Dermo-Cleansing Fluid 250Ml,ACTIVE,2026-09-25T15:59:21Z,title only
gid://shopify/Product/15671367041355,tena-lady-rmal,Tena Lady Rmal,Tena Lady Normal,ACTIVE,2026-09-25T15:58:15Z,title only
gid://shopify/Product/15671269097803,tena-lady-rmal-discreeet-12pk,Tena Lady Rmal Discreeet 12Pk,Tena Lady Normal Discreet 12Pk,ACTIVE,2026-09-25T15:52:55Z,title only
gid://shopify/Product/15671329751371,tena-men-rmal-level-one-12pk,Tena Men Rmal Level One 12Pk,Tena Men Normal Level One 12Pk,ACTIVE,2026-09-25T15:56:43Z,title only
gid://shopify/Product/15671410426187,always-ultra-rmal-duo-26pk,Always Ultra Rmal+ Duo 26Pk,Always Ultra Normal+ Duo 26Pk,ACTIVE,2026-09-25T16:00:13Z,title only
gid://shopify/Product/15671339024715,new-rdic-apple-cider-720mg-high-strength-60pk,New Rdic Apple Cider 720Mg High Strength 60Pk,New Nordic Apple Cider 720Mg High Strength 60Pk,ACTIVE,2026-09-25T15:57:04Z,title only
gid://shopify/Product/15671303536971,pharmard-chromium-60pk,Pharmard Chromium 60Pk,Pharmanord Chromium 60Pk,ACTIVE,2026-09-25T15:55:38Z,title only
gid://shopify/Product/15671394730315,pharmard-magnesium-60pk,Pharmard Magnesium 60Pk,Pharmanord Magnesium 60Pk,ACTIVE,2026-09-25T15:59:29Z,title only
gid://shopify/Product/15671428546891,pharmard-d-pearls-junior-80pk,Pharmard D Pearls Junior 80Pk,Pharmanord D Pearls Junior 80Pk,ACTIVE,2026-09-25T16:01:15Z,title only
gid://shopify/Product/15671307305291,lansih-cream-40ml,Lansih Cream 40Ml,Lansinoh Cream 40Ml,ACTIVE,2026-09-25T15:55:50Z,title only
gid://shopify/Product/15671308255563,lansih-ultra-thin-nursing-pads-24pk,Lansih Ultra Thin Nursing Pads 24Pk,Lansinoh Ultra Thin Nursing Pads 24Pk,ACTIVE,2026-09-25T15:55:55Z,title only
gid://shopify/Product/15671307403595,nivea-body-rich-urishing-body-moisturiser-250ml,Nivea Body Rich Urishing Body Moisturiser 250Ml,Nivea Body Rich Nourishing Body Moisturiser 250Ml,ACTIVE,2026-09-25T15:55:51Z,title only
gid://shopify/Product/15671358882123,sambucol-tonic-immu-forte-120ml,Sambucol Tonic Immu Forte 120Ml,Sambucol Tonic Immuno Forte 120Ml,ACTIVE,2026-09-25T15:57:49Z,title only
gid://shopify/Product/15671403512139,pestle-mortar-superstar-retil-night-oil-30ml,Pestle & Mortar Superstar Retil Night Oil 30Ml,Pestle & Mortar Superstar Retinol Night Oil 30Ml,ACTIVE,2026-09-25T15:59:47Z,title only
gid://shopify/Product/15671411081547,discreet-nasal-sring-aid-large,Discreet Nasal Sring Aid Large,Discreet Nasal Snoring Aid Large,ACTIVE,2026-09-25T16:00:15Z,title only
gid://shopify/Product/15671292068171,medi-spray-plaster-32-5ml-can509,Medi Spray Plaster 32.5Ml Can509,Medi Spray Plaster 32.5Ml,ACTIVE,2026-09-25T15:55:14Z,title only
