product_id,handle,title,variant_id,inventory_item_id,tracked_before,inventory_policy,quantity,change
gid://shopify/Product/15921453531467,azio-beauty-pollution-defense-cleanser,Azio Beauty Pollution Defense Cleanser,gid://shopify/ProductVariant/58103923114315,gid://shopify/InventoryItem/58053919834443,False,DENY,0,turn tracking on
gid://shopify/Product/15921455006027,azio-beuty-refining-micro-exfoliator,Azio Beuty Refining Micro Exfoliator,gid://shopify/ProductVariant/58103926948171,gid://shopify/InventoryItem/58053923668299,False,DENY,0,turn tracking on
gid://shopify/Product/15921454088523,bperfect-chroma-cover-matte-foundation-n5,BPerfect Chroma Cover Matte Foundation - N5,gid://shopify/ProductVariant/58103924523339,gid://shopify/InventoryItem/58053921243467,False,DENY,0,turn tracking on
gid://shopify/Product/15921450221899,bperfect-chroma-cover-matte-foundation-w2,BPerfect Chroma Cover Matte Foundation - W2,gid://shopify/ProductVariant/58103817371979,gid://shopify/InventoryItem/58053814092107,False,DENY,0,turn tracking on
gid://shopify/Product/15921453564235,bperfect-tan-studio-instant-aerosol-tan-dark-125ml,Bperfect Tan Studio Instant Aerosol Tan Dark 125ml,gid://shopify/ProductVariant/58103923147083,gid://shopify/InventoryItem/58053919867211,False,DENY,0,turn tracking on
gid://shopify/Product/15921451925835,bperfect-tan-studio-instant-aerosol-tan-medium-125ml,Bperfect Tan Studio Instant Aerosol Tan Medium 125ml,gid://shopify/ProductVariant/58103877861707,gid://shopify/InventoryItem/58053874581835,False,DENY,0,turn tracking on
gid://shopify/Product/15921452581195,bperfect-tan-studio-instant-aerosol-tan-ultra-dark-125ml,Bperfect Tan Studio Instant Aerosol Tan Ultra Dark 125ml,gid://shopify/ProductVariant/58103893426507,gid://shopify/InventoryItem/58053890146635,False,DENY,0,turn tracking on
gid://shopify/Product/15921449894219,bperfect-tan-studio-self-tanning-body-butter-dark-200ml,Bperfect Tan Studio Self Tanning Body Butter Dark 200ml,gid://shopify/ProductVariant/58103816814923,gid://shopify/InventoryItem/58053813535051,False,DENY,0,turn tracking on
gid://shopify/Product/15921450582347,bperfect-tan-studio-self-tanning-oil-medium-150ml,Bperfect Tan Studio Self Tanning Oil Medium 150ml,gid://shopify/ProductVariant/58103840112971,gid://shopify/InventoryItem/58053836833099,False,DENY,0,turn tracking on
gid://shopify/Product/15921453695307,bperfect-tan-studio-tanning-facial-mist-light-medium-150ml,Bperfect Tan Studio Tanning Facial Mist Light-Medium 150ml,gid://shopify/ProductVariant/58103923441995,gid://shopify/InventoryItem/58053920162123,False,DENY,0,turn tracking on
gid://shopify/Product/15921449337163,bperfect-tan-studio-tanning-liquid-dark-175ml,Bperfect Tan Studio Tanning Liquid Dark 175ml,gid://shopify/ProductVariant/58103815176523,gid://shopify/InventoryItem/58053811896651,False,DENY,0,turn tracking on
gid://shopify/Product/15921455563083,bperfect-tan-studio-tanning-mousse-ultra-dark-200ml,Bperfect Tan Studio Tanning Mousse Ultra Dark 200ml,gid://shopify/ProductVariant/58103927669067,gid://shopify/InventoryItem/58053924389195,False,DENY,0,turn tracking on
gid://shopify/Product/15921452220747,beauty-of-joseon-ginseng-cleansing-oil-210ml,Beauty of Joseon Ginseng Cleansing Oil 210ml,gid://shopify/ProductVariant/58103883956555,gid://shopify/InventoryItem/58053880676683,False,DENY,0,turn tracking on
gid://shopify/Product/15921450189131,beauty-of-joseon-glow-deep-serum-30ml,Beauty of Joseon Glow Deep Serum 30ml,gid://shopify/ProductVariant/58103817306443,gid://shopify/InventoryItem/58053814026571,False,DENY,0,turn tracking on
gid://shopify/Product/15921455399243,beauty-of-joseon-red-bean-refreshing-pore-mask-140ml,Beauty of Joseon Red Bean Refreshing Pore Mask 140ml,gid://shopify/ProductVariant/58103927505227,gid://shopify/InventoryItem/58053924225355,False,DENY,0,turn tracking on
gid://shopify/Product/15921455366475,beauty-of-joseon-rice-prebiotic-sunscreen-spf50-50ml,Beauty of Joseon Rice & Prebiotic Sunscreen Spf50+ 50ml,gid://shopify/ProductVariant/58103927472459,gid://shopify/InventoryItem/58053924192587,False,DENY,0,turn tracking on
gid://shopify/Product/15921454154059,biodance-cera-nol-gel-toner-pads-60s,Biodance Cera-Nol Gel Toner Pads 60's,gid://shopify/ProductVariant/58103924752715,gid://shopify/InventoryItem/58053921472843,False,DENY,0,turn tracking on
gid://shopify/Product/15921449763147,biodance-collagen-gel-toner-pads-60s,Biodance Collagen Gel Toner Pads 60's,gid://shopify/ProductVariant/58103816487243,gid://shopify/InventoryItem/58053813207371,False,DENY,0,turn tracking on
gid://shopify/Product/15921453236555,biodance-hydro-cera-nol-real-deep-mask-4-pack,Biodance Hydro Cera-Nol Real Deep Mask 4 Pack,gid://shopify/ProductVariant/58103912137035,gid://shopify/InventoryItem/58053904499019,False,DENY,0,turn tracking on
gid://shopify/Product/15921453760843,cali-coast-wave-whip-shower-foam-berry-breeze-250ml,Cali Coast Wave Whip Shower Foam Berry Breeze 250ml,gid://shopify/ProductVariant/58103923671371,gid://shopify/InventoryItem/58053920391499,False,DENY,0,turn tracking on
gid://shopify/Product/15921454776651,cali-coast-wave-whip-shower-foam-orange-sunset-250ml,Cali Coast Wave Whip Shower Foam Orange Sunset 250ml,gid://shopify/ProductVariant/58103926194507,gid://shopify/InventoryItem/58053922914635,False,DENY,0,turn tracking on
gid://shopify/Product/15921450549579,cali-coast-wave-whip-shower-foam-passionfruit-sunrise-250ml,Cali Coast Wave Whip Shower Foam Passionfruit Sunrise 250ml,gid://shopify/ProductVariant/58103829496139,gid://shopify/InventoryItem/58053826216267,False,DENY,0,turn tracking on
gid://shopify/Product/15921454711115,cali-coast-wave-whip-shower-foam-pomegranate-paradise-250ml,Cali Coast Wave Whip Shower Foam Pomegranate Paradise 250ml,gid://shopify/ProductVariant/58103926161739,gid://shopify/InventoryItem/58053922881867,False,DENY,0,turn tracking on
gid://shopify/Product/15921453891915,cocoa-brown-1-hour-tan-mousse-medium-150ml,COCOA BROWN 1 HOUR TAN MOUSSE MEDIUM 150ML,gid://shopify/ProductVariant/58103923999051,gid://shopify/InventoryItem/58053920719179,False,DENY,0,turn tracking on
gid://shopify/Product/15921455202635,formoline-l112-extra-weight-management-64-tablets,Formoline L112 Extra Weight Management 64 Tablets,gid://shopify/ProductVariant/58103927308619,gid://shopify/InventoryItem/58053924028747,False,DENY,0,turn tracking on
gid://shopify/Product/15921449926987,gosh-beige-rabbit-softie-30cm,Gosh! Beige Rabbit Softie 30cm,gid://shopify/ProductVariant/58103816847691,gid://shopify/InventoryItem/58053813567819,False,DENY,0,turn tracking on
gid://shopify/Product/15921453302091,gosh-blue-bunny-softie-30cm,Gosh! Blue Bunny Softie 30cm,gid://shopify/ProductVariant/58103915577675,gid://shopify/InventoryItem/58053912330571,False,DENY,0,turn tracking on
gid://shopify/Product/15921449697611,gosh-crocodile-softie-30cm,Gosh! Crocodile Softie 30cm,gid://shopify/ProductVariant/58103816225099,gid://shopify/InventoryItem/58053812945227,False,DENY,0,turn tracking on
gid://shopify/Product/15921449435467,gosh-duck-softie-20cm,Gosh! Duck Softie 20cm,gid://shopify/ProductVariant/58103815438667,gid://shopify/InventoryItem/58053812158795,False,DENY,0,turn tracking on
gid://shopify/Product/15921454842187,gosh-goose-softie-30cm,Gosh! Goose Softie 30cm,gid://shopify/ProductVariant/58103926456651,gid://shopify/InventoryItem/58053923176779,False,DENY,0,turn tracking on
gid://shopify/Product/15921450811723,gosh-hen-softie-30cm,Gosh! Hen Softie 30cm,gid://shopify/ProductVariant/58103846273355,gid://shopify/InventoryItem/58053838504267,False,DENY,0,turn tracking on
gid://shopify/Product/15921454678347,gosh-mallard-softie-30cm,Gosh! Mallard Softie 30cm,gid://shopify/ProductVariant/58103926128971,gid://shopify/InventoryItem/58053922849099,False,DENY,0,turn tracking on
gid://shopify/Product/15921454383435,gosh-pink-bunny-softie-30cm,Gosh! Pink Bunny Softie 30cm,gid://shopify/ProductVariant/58103925342539,gid://shopify/InventoryItem/58053922062667,False,DENY,0,turn tracking on
gid://shopify/Product/15921452450123,gosh-sheep-softie-30cm,Gosh! Sheep Softie 30cm,gid://shopify/ProductVariant/58103884218699,gid://shopify/InventoryItem/58053880938827,False,DENY,0,turn tracking on
gid://shopify/Product/15921454580043,gosh-tiger-softie-30cm,Gosh! Tiger Softie 30cm,gid://shopify/ProductVariant/58103925866827,gid://shopify/InventoryItem/58053922586955,False,DENY,0,turn tracking on
gid://shopify/Product/15921451598155,gosh-unicorn-softie-30cm,Gosh! Unicorn Softie 30cm,gid://shopify/ProductVariant/58103862657355,gid://shopify/InventoryItem/58053859377483,False,DENY,0,turn tracking on
gid://shopify/Product/15921454481739,hygie-crisp-apple-hydrating-hand-cleanser-35ml,Hygie Crisp Apple Hydrating Hand Cleanser 35ml,gid://shopify/ProductVariant/58103925604683,gid://shopify/InventoryItem/58053922324811,False,DENY,0,turn tracking on
gid://shopify/Product/15921454219595,hygie-sugared-plum-hydrating-hand-cleanser-35ml,Hygie Sugared Plum Hydrating Hand Cleanser 35ml,gid://shopify/ProductVariant/58103924818251,gid://shopify/InventoryItem/58053921538379,False,DENY,0,turn tracking on
gid://shopify/Product/15921451401547,hygie-sweet-clementine-hydrating-hand-cleanser-35ml,Hygie Sweet Clementine Hydrating Hand Cleanser 35ml,gid://shopify/ProductVariant/58103862460747,gid://shopify/InventoryItem/58053859180875,False,DENY,0,turn tracking on
gid://shopify/Product/15921453433163,hygie-wild-raspberry-hydrating-hand-cleanser-35ml,Hygie Wild Raspberry Hydrating Hand Cleanser 35ml,gid://shopify/ProductVariant/58103915905355,gid://shopify/InventoryItem/58053912625483,False,DENY,0,turn tracking on
gid://shopify/Product/15921454940491,la-vida-caribena-guava-glow-hydrating-body-fragrance-mist-35ml,La Vida Caribena Guava Glow Hydrating Body Fragrance Mist 35ml,gid://shopify/ProductVariant/58103926718795,gid://shopify/InventoryItem/58053923438923,False,DENY,0,turn tracking on
gid://shopify/Product/15921453826379,la-vida-caribena-island-vibes-hydrating-body-fragrance-mist-35ml,La Vida Caribena Island Vibes Hydrating Body Fragrance Mist 35ml,gid://shopify/ProductVariant/58103923769675,gid://shopify/InventoryItem/58053920489803,False,DENY,0,turn tracking on
gid://shopify/Product/15921451073867,la-vida-caribena-papaya-sunset-hydrating-body-fragrance-mist-35ml,La Vida Caribena Papaya Sunset Hydrating Body Fragrance Mist 35ml,gid://shopify/ProductVariant/58103847387467,gid://shopify/InventoryItem/58053844107595,False,DENY,0,turn tracking on
gid://shopify/Product/15921451336011,la-vida-caribena-tropical-nights-hydrating-body-fragrance-mist-35ml,La Vida Caribena Tropical Nights Hydrating Body Fragrance Mist 35ml,gid://shopify/ProductVariant/58103854203211,gid://shopify/InventoryItem/58053850923339,False,DENY,0,turn tracking on
gid://shopify/Product/15921455464779,laneige-lip-sleeping-mask-berry-20g,Laneige Lip Sleeping Mask Berry 20g,gid://shopify/ProductVariant/58103927570763,gid://shopify/InventoryItem/58053924290891,False,DENY,0,turn tracking on
gid://shopify/Product/15921453924683,laneige-water-sleeping-mask-70ml,Laneige Water Sleeping Mask 70ml,gid://shopify/ProductVariant/58103924031819,gid://shopify/InventoryItem/58053920751947,False,DENY,0,turn tracking on
gid://shopify/Product/15921449566539,foot-soak-bundle,Foot Soak Bundle,gid://shopify/ProductVariant/58103815733579,gid://shopify/InventoryItem/58053812420939,False,DENY,0,turn tracking on
gid://shopify/Product/15921454448971,medicube-collagen-night-wrapping-mask-75ml,Medicube Collagen Night Wrapping Mask 75ml,gid://shopify/ProductVariant/58103925571915,gid://shopify/InventoryItem/58053922292043,False,DENY,0,turn tracking on
gid://shopify/Product/15921454252363,medicube-zero-pore-pad-2-0-70s,Medicube Zero Pore Pad 2.0 70's,gid://shopify/ProductVariant/58103925047627,gid://shopify/InventoryItem/58053921767755,False,DENY,0,turn tracking on
gid://shopify/Product/15921453990219,nivea-sun-babies-kids-sensitive-protect-spf-50-water-resistant-lotion-200ml,Nivea Sun Babies & Kids Sensitive Protect SPF 50+ Water Resistant Lotion 200ml,gid://shopify/ProductVariant/58103924261195,gid://shopify/InventoryItem/58053920981323,False,DENY,0,turn tracking on
gid://shopify/Product/15921455038795,nivea-sun-babies-kids-sensitive-protect-spf-50-water-resistant-spray-200ml,Nivea Sun Babies & Kids Sensitive Protect SPF 50+ Water Resistant Spray 200ml,gid://shopify/ProductVariant/58103926980939,gid://shopify/InventoryItem/58053923701067,False,DENY,0,turn tracking on
gid://shopify/Product/15921449664843,nivea-sun-protect-mositure-spf-20-water-resistant-lotion-200ml,Nivea Sun Protect & Mositure SPF 20 Water Resistant Lotion 200ml,gid://shopify/ProductVariant/58103816192331,gid://shopify/InventoryItem/58053812912459,False,DENY,0,turn tracking on
gid://shopify/Product/15921455104331,nivea-sun-protect-mositure-spf-20-water-resistant-spray-200ml,Nivea Sun Protect & Mositure SPF 20 Water Resistant Spray 200ml,gid://shopify/ProductVariant/58103927210315,gid://shopify/InventoryItem/58053923930443,False,DENY,0,turn tracking on
gid://shopify/Product/15921454055755,papilocare-vaginal-gel,Papilocare Vaginal Gel,gid://shopify/ProductVariant/58103924490571,gid://shopify/InventoryItem/58053921210699,False,DENY,0,turn tracking on
gid://shopify/Product/15921451860299,piz-buin-after-sun-tan-intensifying-moisturising-lotion-200ml,Piz Buin After Sun Tan Intensifying Moisturising Lotion 200ml,gid://shopify/ProductVariant/58103868031307,gid://shopify/InventoryItem/58053864751435,False,DENY,0,turn tracking on
gid://shopify/Product/15921449828683,piz-buin-allergy-sun-sensitive-skin-lotion-spf-30-200ml,Piz Buin Allergy Sun Sensitive Skin Lotion SPF 30 200ml,gid://shopify/ProductVariant/58103816552779,gid://shopify/InventoryItem/58053813272907,False,DENY,0,turn tracking on
gid://shopify/Product/15921454907723,piz-buin-allergy-sun-sensitive-skin-lotion-spf-30-400ml,Piz Buin Allergy Sun Sensitive Skin Lotion SPF 30 400ml,gid://shopify/ProductVariant/58103926686027,gid://shopify/InventoryItem/58053923406155,False,DENY,0,turn tracking on
gid://shopify/Product/15921455169867,piz-buin-allergy-sun-sensitive-skin-lotion-spf-50-200ml,Piz Buin Allergy Sun Sensitive Skin Lotion SPF 50+ 200ml,gid://shopify/ProductVariant/58103927275851,gid://shopify/InventoryItem/58053923995979,False,DENY,0,turn tracking on
gid://shopify/Product/15921454285131,piz-buin-allergy-sun-sensitive-skin-lotion-spf-50-400ml,Piz Buin Allergy Sun Sensitive Skin Lotion SPF 50+ 400ml,gid://shopify/ProductVariant/58103925080395,gid://shopify/InventoryItem/58053921800523,False,DENY,0,turn tracking on
gid://shopify/Product/15921453465931,piz-buin-tan-protect-tan-intensifying-sun-spray-spf-30-150ml,Piz Buin Tan & Protect Tan Intensifying Sun Spray SPF 30 150ml,gid://shopify/ProductVariant/58103922884939,gid://shopify/InventoryItem/58053919605067,False,DENY,0,turn tracking on
gid://shopify/Product/15921451139403,pure-by-coppercraft-magnetic-bracelet-cmb09,Pure by Coppercraft Magnetic Bracelet CMB09,gid://shopify/ProductVariant/58103854006603,gid://shopify/InventoryItem/58053850726731,False,DENY,0,turn tracking on
gid://shopify/Product/15921449402699,pure-by-coppercraft-magnetic-bracelet-cmb21,Pure by Coppercraft Magnetic Bracelet CMB21,gid://shopify/ProductVariant/58103815405899,gid://shopify/InventoryItem/58053812126027,False,DENY,0,turn tracking on
gid://shopify/Product/15921451663691,pure-by-coppercraft-magnetic-bracelet-cmb22,Pure by Coppercraft Magnetic Bracelet CMB22,gid://shopify/ProductVariant/58103867834699,gid://shopify/InventoryItem/58053864554827,False,DENY,0,turn tracking on
gid://shopify/Product/15921455300939,pure-by-coppercraft-magnetic-bracelet-cmb31,Pure by Coppercraft Magnetic Bracelet CMB31,gid://shopify/ProductVariant/58103927406923,gid://shopify/InventoryItem/58053924127051,False,DENY,0,turn tracking on
gid://shopify/Product/15921450287435,sculpted-liquid-lights-warm,SCULPTED LIQUID LIGHTS WARM,gid://shopify/ProductVariant/58103828939083,gid://shopify/InventoryItem/58053825659211,False,DENY,0,turn tracking on
gid://shopify/Product/15921452155211,sculpted-cream-luxe-blush-dusty-rose,Sculpted Cream Luxe Blush Dusty Rose,gid://shopify/ProductVariant/58103879205195,gid://shopify/InventoryItem/58053875007819,False,DENY,0,turn tracking on
gid://shopify/Product/15921449501003,sculpted-cream-luxe-blush-pink-supreme,Sculpted Cream Luxe Blush Pink Supreme,gid://shopify/ProductVariant/58103815668043,gid://shopify/InventoryItem/58053812388171,False,DENY,0,turn tracking on
gid://shopify/Product/15921452908875,sculpted-cream-luxe-bronze-shade-light,Sculpted Cream Luxe Bronze Shade Light,gid://shopify/ProductVariant/58103893819723,gid://shopify/InventoryItem/58053890539851,False,DENY,0,turn tracking on
gid://shopify/Product/15921449304395,sculpted-cream-luxe-bronze-shade-medium,Sculpted Cream Luxe Bronze Shade Medium,gid://shopify/ProductVariant/58103815110987,gid://shopify/InventoryItem/58053811831115,False,DENY,0,turn tracking on
gid://shopify/Product/15921453007179,sculpted-cream-luxe-highlight-champagne-cream,Sculpted Cream Luxe Highlight Champagne Cream,gid://shopify/ProductVariant/58103906500939,gid://shopify/InventoryItem/58053903221067,False,DENY,0,turn tracking on
gid://shopify/Product/15921454547275,sosu-mystery-box,SoSu Mystery Box,gid://shopify/ProductVariant/58103925834059,gid://shopify/InventoryItem/58053922554187,False,DENY,0,turn tracking on
gid://shopify/Product/15921454809419,uddermint-cream-600ml,Uddermint Cream 600ml,gid://shopify/ProductVariant/58103926423883,gid://shopify/InventoryItem/58053923144011,False,DENY,0,turn tracking on
gid://shopify/Product/15921453662539,veet-expert-wax-strips-sensitive-legs-and-body-20pk,Veet Expert Wax Strips Sensitive Legs and Body 20pk,gid://shopify/ProductVariant/58103923409227,gid://shopify/InventoryItem/58053920129355,False,DENY,0,turn tracking on
gid://shopify/Product/15921455497547,wartner-wart-verruca-cryo-freeze-pen,Wartner Wart & Verruca Cryo Freeze Pen,gid://shopify/ProductVariant/58103927603531,gid://shopify/InventoryItem/58053924323659,False,DENY,0,turn tracking on
